
C:/Repositories/pico/112-blink/build/112_blink.elf:     file format elf32-littlearm

Sections:
Idx Name          Size      VMA       LMA       File off  Algn
  0 .boot2        00000100  10000000  10000000  00001000  2**0
                  CONTENTS, ALLOC, LOAD, READONLY, CODE
  1 .text         00003554  10000100  10000100  00001100  2**3
                  CONTENTS, ALLOC, LOAD, READONLY, CODE
  2 .rodata       0000067c  10003658  10003658  00004658  2**3
                  CONTENTS, ALLOC, LOAD, READONLY, DATA
  3 .binary_info  0000001c  10003cd4  10003cd4  00004cd4  2**2
                  CONTENTS, ALLOC, LOAD, READONLY, DATA
  4 .xip_ram      00000000  15000000  15000000  00005288  2**0
                  CONTENTS
  5 .ram_vector_table 000000c0  20000000  20000000  00006000  2**2
                  ALLOC
  6 .uninitialized_data 00000000  200000c0  200000c0  00005288  2**0
                  CONTENTS
  7 .data         000001c8  200000c0  10003cf0  000050c0  2**4
                  CONTENTS, ALLOC, LOAD, READONLY, CODE
  8 .tdata        00000000  20000288  20000288  00005288  2**0
                  CONTENTS, ALLOC, LOAD, DATA, THREAD_LOCAL
  9 .tbss         00000000  20000288  20000288  00000000  2**0
                  ALLOC, THREAD_LOCAL
 10 .tbss_space   00000000  20000288  20000288  00005288  2**0
                  CONTENTS
 11 .bss          000003cc  20000288  10003eb8  00005288  2**3
                  ALLOC
 12 .tls0         00000000  20000654  20000654  00005288  2**0
                  CONTENTS
 13 .tls1         00000000  20000654  20000654  00005288  2**0
                  CONTENTS
 14 .persistent_data 00000000  20000654  20000654  00005288  2**0
                  CONTENTS
 15 .dummy_pre_heap 00000000  20000654  20000654  00005288  2**0
                  CONTENTS
 16 .heap         00000800  20000654  20000654  00006000  2**2
                  ALLOC, READONLY
 17 .scratch_x    00000000  20040000  20040000  00005288  2**0
                  CONTENTS
 18 .scratch_y    00000000  20041000  20041000  00005288  2**0
                  CONTENTS
 19 .stack_dummy  00000800  20041000  20041000  00006000  2**5
                  ALLOC, READONLY
 20 .debug_info   00014920  00000000  00000000  00005288  2**0
                  CONTENTS, READONLY, DEBUGGING, OCTETS
 21 .debug_abbrev 00004694  00000000  00000000  00019ba8  2**0
                  CONTENTS, READONLY, DEBUGGING, OCTETS
 22 .debug_loclists 00008463  00000000  00000000  0001e23c  2**0
                  CONTENTS, READONLY, DEBUGGING, OCTETS
 23 .debug_aranges 00000f60  00000000  00000000  000266a0  2**3
                  CONTENTS, READONLY, DEBUGGING, OCTETS
 24 .debug_rnglists 00000eaa  00000000  00000000  00027600  2**0
                  CONTENTS, READONLY, DEBUGGING, OCTETS
 25 .debug_line   0000ebd7  00000000  00000000  000284aa  2**0
                  CONTENTS, READONLY, DEBUGGING, OCTETS
 26 .debug_str    0000496c  00000000  00000000  00037081  2**0
                  CONTENTS, READONLY, DEBUGGING, OCTETS
 27 .comment      00000039  00000000  00000000  0003b9ed  2**0
                  CONTENTS, READONLY
 28 .ARM.attributes 0000002a  00000000  00000000  0003ba26  2**0
                  CONTENTS, READONLY
 29 .debug_frame  00001a88  00000000  00000000  0003ba50  2**2
                  CONTENTS, READONLY, DEBUGGING, OCTETS
 30 .debug_line_str 000003f0  00000000  00000000  0003d4d8  2**0
                  CONTENTS, READONLY, DEBUGGING, OCTETS

C:/Repositories/pico/112-blink/build/112_blink.elf:     file format elf32-littlearm


Disassembly of section .boot2:

10000000 <__boot2_start__>:
10000000:	4b32b500 	.word	0x4b32b500
10000004:	60582021 	.word	0x60582021
10000008:	21026898 	.word	0x21026898
1000000c:	60984388 	.word	0x60984388
10000010:	611860d8 	.word	0x611860d8
10000014:	4b2e6158 	.word	0x4b2e6158
10000018:	60992100 	.word	0x60992100
1000001c:	61592102 	.word	0x61592102
10000020:	22f02101 	.word	0x22f02101
10000024:	492b5099 	.word	0x492b5099
10000028:	21016019 	.word	0x21016019
1000002c:	20356099 	.word	0x20356099
10000030:	f844f000 	.word	0xf844f000
10000034:	42902202 	.word	0x42902202
10000038:	2106d014 	.word	0x2106d014
1000003c:	f0006619 	.word	0xf0006619
10000040:	6e19f834 	.word	0x6e19f834
10000044:	66192101 	.word	0x66192101
10000048:	66182000 	.word	0x66182000
1000004c:	f000661a 	.word	0xf000661a
10000050:	6e19f82c 	.word	0x6e19f82c
10000054:	6e196e19 	.word	0x6e196e19
10000058:	f0002005 	.word	0xf0002005
1000005c:	2101f82f 	.word	0x2101f82f
10000060:	d1f94208 	.word	0xd1f94208
10000064:	60992100 	.word	0x60992100
10000068:	6019491b 	.word	0x6019491b
1000006c:	60592100 	.word	0x60592100
10000070:	481b491a 	.word	0x481b491a
10000074:	21016001 	.word	0x21016001
10000078:	21eb6099 	.word	0x21eb6099
1000007c:	21a06619 	.word	0x21a06619
10000080:	f0006619 	.word	0xf0006619
10000084:	2100f812 	.word	0x2100f812
10000088:	49166099 	.word	0x49166099
1000008c:	60014814 	.word	0x60014814
10000090:	60992101 	.word	0x60992101
10000094:	2800bc01 	.word	0x2800bc01
10000098:	4700d000 	.word	0x4700d000
1000009c:	49134812 	.word	0x49134812
100000a0:	c8036008 	.word	0xc8036008
100000a4:	8808f380 	.word	0x8808f380
100000a8:	b5034708 	.word	0xb5034708
100000ac:	20046a99 	.word	0x20046a99
100000b0:	d0fb4201 	.word	0xd0fb4201
100000b4:	42012001 	.word	0x42012001
100000b8:	bd03d1f8 	.word	0xbd03d1f8
100000bc:	6618b502 	.word	0x6618b502
100000c0:	f7ff6618 	.word	0xf7ff6618
100000c4:	6e18fff2 	.word	0x6e18fff2
100000c8:	bd026e18 	.word	0xbd026e18
100000cc:	40020000 	.word	0x40020000
100000d0:	18000000 	.word	0x18000000
100000d4:	00070000 	.word	0x00070000
100000d8:	005f0300 	.word	0x005f0300
100000dc:	00002221 	.word	0x00002221
100000e0:	180000f4 	.word	0x180000f4
100000e4:	a0002022 	.word	0xa0002022
100000e8:	10000100 	.word	0x10000100
100000ec:	e000ed08 	.word	0xe000ed08
	...
100000fc:	7a4eb274 	.word	0x7a4eb274

Disassembly of section .text:

10000100 <__VECTOR_TABLE>:
10000100:	20042000 	.word	0x20042000
10000104:	100001f7 	.word	0x100001f7
10000108:	100001cb 	.word	0x100001cb
1000010c:	100001cd 	.word	0x100001cd
10000110:	100001c9 	.word	0x100001c9
10000114:	100001c9 	.word	0x100001c9
10000118:	100001c9 	.word	0x100001c9
1000011c:	100001c9 	.word	0x100001c9
10000120:	100001c9 	.word	0x100001c9
10000124:	100001c9 	.word	0x100001c9
10000128:	100001c9 	.word	0x100001c9
1000012c:	100001cf 	.word	0x100001cf
10000130:	100001c9 	.word	0x100001c9
10000134:	100001c9 	.word	0x100001c9
10000138:	100001d1 	.word	0x100001d1
1000013c:	100001d3 	.word	0x100001d3
10000140:	100001c1 	.word	0x100001c1
10000144:	100001c1 	.word	0x100001c1
10000148:	100001c1 	.word	0x100001c1
1000014c:	100001c1 	.word	0x100001c1
10000150:	100001c1 	.word	0x100001c1
10000154:	100001c1 	.word	0x100001c1
10000158:	100001c1 	.word	0x100001c1
1000015c:	100001c1 	.word	0x100001c1
10000160:	100001c1 	.word	0x100001c1
10000164:	100001c1 	.word	0x100001c1
10000168:	100001c1 	.word	0x100001c1
1000016c:	100001c1 	.word	0x100001c1
10000170:	100001c1 	.word	0x100001c1
10000174:	100001c1 	.word	0x100001c1
10000178:	100001c1 	.word	0x100001c1
1000017c:	100001c1 	.word	0x100001c1
10000180:	100001c1 	.word	0x100001c1
10000184:	100001c1 	.word	0x100001c1
10000188:	100001c1 	.word	0x100001c1
1000018c:	100001c1 	.word	0x100001c1
10000190:	100001c1 	.word	0x100001c1
10000194:	100001c1 	.word	0x100001c1
10000198:	100001c1 	.word	0x100001c1
1000019c:	100001c1 	.word	0x100001c1
100001a0:	100001c1 	.word	0x100001c1
100001a4:	100001c1 	.word	0x100001c1
100001a8:	100001c1 	.word	0x100001c1
100001ac:	100001c1 	.word	0x100001c1
100001b0:	100001c1 	.word	0x100001c1
100001b4:	100001c1 	.word	0x100001c1
100001b8:	100001c1 	.word	0x100001c1
100001bc:	100001c1 	.word	0x100001c1

100001c0 <__unhandled_user_irq>:
100001c0:	f3ef 8005 	mrs	r0, IPSR
100001c4:	3810      	subs	r0, #16

100001c6 <unhandled_user_irq_num_in_r0>:
100001c6:	be00      	bkpt	0x0000

100001c8 <isr_invalid>:
100001c8:	be00      	bkpt	0x0000

100001ca <isr_nmi>:
100001ca:	be00      	bkpt	0x0000

100001cc <isr_hardfault>:
100001cc:	be00      	bkpt	0x0000

100001ce <isr_svcall>:
100001ce:	be00      	bkpt	0x0000

100001d0 <isr_pendsv>:
100001d0:	be00      	bkpt	0x0000

100001d2 <isr_systick>:
100001d2:	be00      	bkpt	0x0000

100001d4 <__default_isrs_end>:
100001d4:	7188ebf2 	.word	0x7188ebf2
100001d8:	10003cd4 	.word	0x10003cd4
100001dc:	10003cf0 	.word	0x10003cf0
100001e0:	10000238 	.word	0x10000238
100001e4:	e71aa390 	.word	0xe71aa390

100001e8 <_entry_point>:
100001e8:	2000      	movs	r0, #0

100001ea <_enter_vtable_in_r0>:
100001ea:	491e      	ldr	r1, [pc, #120]	@ (10000264 <data_cpy_table+0x2c>)
100001ec:	6008      	str	r0, [r1, #0]
100001ee:	c806      	ldmia	r0!, {r1, r2}
100001f0:	f381 8808 	msr	MSP, r1
100001f4:	4710      	bx	r2

100001f6 <_reset_handler>:
100001f6:	481c      	ldr	r0, [pc, #112]	@ (10000268 <data_cpy_table+0x30>)
100001f8:	6800      	ldr	r0, [r0, #0]
100001fa:	2800      	cmp	r0, #0
100001fc:	d001      	beq.n	10000202 <hold_non_core0_in_bootrom+0x4>

100001fe <hold_non_core0_in_bootrom>:
100001fe:	2000      	movs	r0, #0
10000200:	e7f3      	b.n	100001ea <_enter_vtable_in_r0>
10000202:	a40d      	add	r4, pc, #52	@ (adr r4, 10000238 <data_cpy_table>)
10000204:	cc0e      	ldmia	r4!, {r1, r2, r3}
10000206:	2900      	cmp	r1, #0
10000208:	d002      	beq.n	10000210 <hold_non_core0_in_bootrom+0x12>
1000020a:	f000 f812 	bl	10000232 <data_cpy>
1000020e:	e7f9      	b.n	10000204 <hold_non_core0_in_bootrom+0x6>
10000210:	4916      	ldr	r1, [pc, #88]	@ (1000026c <data_cpy_table+0x34>)
10000212:	4a17      	ldr	r2, [pc, #92]	@ (10000270 <data_cpy_table+0x38>)
10000214:	2000      	movs	r0, #0
10000216:	e000      	b.n	1000021a <bss_fill_test>

10000218 <bss_fill_loop>:
10000218:	c101      	stmia	r1!, {r0}

1000021a <bss_fill_test>:
1000021a:	4291      	cmp	r1, r2
1000021c:	d1fc      	bne.n	10000218 <bss_fill_loop>

1000021e <platform_entry>:
1000021e:	4915      	ldr	r1, [pc, #84]	@ (10000274 <data_cpy_table+0x3c>)
10000220:	4788      	blx	r1
10000222:	4915      	ldr	r1, [pc, #84]	@ (10000278 <data_cpy_table+0x40>)
10000224:	4788      	blx	r1
10000226:	4915      	ldr	r1, [pc, #84]	@ (1000027c <data_cpy_table+0x44>)
10000228:	4788      	blx	r1
1000022a:	be00      	bkpt	0x0000
1000022c:	e7fd      	b.n	1000022a <platform_entry+0xc>

1000022e <data_cpy_loop>:
1000022e:	c901      	ldmia	r1!, {r0}
10000230:	c201      	stmia	r2!, {r0}

10000232 <data_cpy>:
10000232:	429a      	cmp	r2, r3
10000234:	d3fb      	bcc.n	1000022e <data_cpy_loop>

10000236 <data_cpy_done>:
10000236:	4770      	bx	lr

10000238 <data_cpy_table>:
10000238:	10003cf0 	.word	0x10003cf0
1000023c:	200000c0 	.word	0x200000c0
10000240:	20000288 	.word	0x20000288
10000244:	10003eb8 	.word	0x10003eb8
10000248:	20040000 	.word	0x20040000
1000024c:	20040000 	.word	0x20040000
10000250:	10003eb8 	.word	0x10003eb8
10000254:	20041000 	.word	0x20041000
10000258:	20041000 	.word	0x20041000
1000025c:	00000000 	.word	0x00000000
10000260:	4770      	bx	lr
10000262:	0000      	.short	0x0000
10000264:	e000ed08 	.word	0xe000ed08
10000268:	d0000000 	.word	0xd0000000
1000026c:	20000288 	.word	0x20000288
10000270:	20000654 	.word	0x20000654
10000274:	100032f9 	.word	0x100032f9
10000278:	10000281 	.word	0x10000281
1000027c:	100032bb 	.word	0x100032bb

10000280 <main>:
10000280:	b570      	push	{r4, r5, r6, lr}
10000282:	2019      	movs	r0, #25
10000284:	f000 f82e 	bl	100002e4 <gpio_init>
10000288:	23d0      	movs	r3, #208	@ 0xd0
1000028a:	061b      	lsls	r3, r3, #24
1000028c:	2280      	movs	r2, #128	@ 0x80
1000028e:	0492      	lsls	r2, r2, #18
10000290:	625a      	str	r2, [r3, #36]	@ 0x24
10000292:	24d0      	movs	r4, #208	@ 0xd0
10000294:	0624      	lsls	r4, r4, #24
10000296:	2580      	movs	r5, #128	@ 0x80
10000298:	04ad      	lsls	r5, r5, #18
1000029a:	6165      	str	r5, [r4, #20]
1000029c:	20fa      	movs	r0, #250	@ 0xfa
1000029e:	f000 fc97 	bl	10000bd0 <sleep_ms>
100002a2:	61a5      	str	r5, [r4, #24]
100002a4:	20fa      	movs	r0, #250	@ 0xfa
100002a6:	0080      	lsls	r0, r0, #2
100002a8:	f000 fc92 	bl	10000bd0 <sleep_ms>
100002ac:	e7f1      	b.n	10000292 <main+0x12>
	...

100002b0 <gpio_set_function>:
100002b0:	b510      	push	{r4, lr}
100002b2:	0083      	lsls	r3, r0, #2
100002b4:	4a08      	ldr	r2, [pc, #32]	@ (100002d8 <gpio_set_function+0x28>)
100002b6:	189a      	adds	r2, r3, r2
100002b8:	6812      	ldr	r2, [r2, #0]
100002ba:	2440      	movs	r4, #64	@ 0x40
100002bc:	4054      	eors	r4, r2
100002be:	22c0      	movs	r2, #192	@ 0xc0
100002c0:	4022      	ands	r2, r4
100002c2:	4c06      	ldr	r4, [pc, #24]	@ (100002dc <gpio_set_function+0x2c>)
100002c4:	46a4      	mov	ip, r4
100002c6:	4463      	add	r3, ip
100002c8:	601a      	str	r2, [r3, #0]
100002ca:	00c0      	lsls	r0, r0, #3
100002cc:	4b04      	ldr	r3, [pc, #16]	@ (100002e0 <gpio_set_function+0x30>)
100002ce:	469c      	mov	ip, r3
100002d0:	4460      	add	r0, ip
100002d2:	6041      	str	r1, [r0, #4]
100002d4:	bd10      	pop	{r4, pc}
100002d6:	46c0      	nop			@ (mov r8, r8)
100002d8:	4001c004 	.word	0x4001c004
100002dc:	4001d004 	.word	0x4001d004
100002e0:	40014000 	.word	0x40014000

100002e4 <gpio_init>:
100002e4:	b510      	push	{r4, lr}
100002e6:	2301      	movs	r3, #1
100002e8:	4083      	lsls	r3, r0
100002ea:	22d0      	movs	r2, #208	@ 0xd0
100002ec:	0612      	lsls	r2, r2, #24
100002ee:	6293      	str	r3, [r2, #40]	@ 0x28
100002f0:	6193      	str	r3, [r2, #24]
100002f2:	2105      	movs	r1, #5
100002f4:	f7ff ffdc 	bl	100002b0 <gpio_set_function>
100002f8:	bd10      	pop	{r4, pc}
	...

100002fc <panic>:
100002fc:	b40f      	push	{r0, r1, r2, r3}
100002fe:	b500      	push	{lr}
10000300:	b083      	sub	sp, #12
10000302:	4808      	ldr	r0, [pc, #32]	@ (10000324 <panic+0x28>)
10000304:	f003 f8fc 	bl	10003500 <__wrap_puts>
10000308:	9b04      	ldr	r3, [sp, #16]
1000030a:	2b00      	cmp	r3, #0
1000030c:	d007      	beq.n	1000031e <panic+0x22>
1000030e:	a905      	add	r1, sp, #20
10000310:	9101      	str	r1, [sp, #4]
10000312:	0018      	movs	r0, r3
10000314:	f003 f904 	bl	10003520 <__wrap_vprintf>
10000318:	4803      	ldr	r0, [pc, #12]	@ (10000328 <panic+0x2c>)
1000031a:	f003 f8f1 	bl	10003500 <__wrap_puts>
1000031e:	2001      	movs	r0, #1
10000320:	f002 ffc8 	bl	100032b4 <_exit>
10000324:	10003658 	.word	0x10003658
10000328:	10003b3c 	.word	0x10003b3c

1000032c <hw_claim_lock>:
1000032c:	f3ef 8010 	mrs	r0, PRIMASK
10000330:	b672      	cpsid	i
10000332:	4b03      	ldr	r3, [pc, #12]	@ (10000340 <hw_claim_lock+0x14>)
10000334:	681b      	ldr	r3, [r3, #0]
10000336:	2b00      	cmp	r3, #0
10000338:	d0fb      	beq.n	10000332 <hw_claim_lock+0x6>
1000033a:	f3bf 8f5f 	dmb	sy
1000033e:	4770      	bx	lr
10000340:	d000012c 	.word	0xd000012c

10000344 <hw_claim_unlock>:
10000344:	f3bf 8f5f 	dmb	sy
10000348:	4b02      	ldr	r3, [pc, #8]	@ (10000354 <hw_claim_unlock+0x10>)
1000034a:	2200      	movs	r2, #0
1000034c:	601a      	str	r2, [r3, #0]
1000034e:	f380 8810 	msr	PRIMASK, r0
10000352:	4770      	bx	lr
10000354:	d000012c 	.word	0xd000012c

10000358 <hw_claim_or_assert>:
10000358:	b570      	push	{r4, r5, r6, lr}
1000035a:	0005      	movs	r5, r0
1000035c:	000c      	movs	r4, r1
1000035e:	0016      	movs	r6, r2
10000360:	f7ff ffe4 	bl	1000032c <hw_claim_lock>
10000364:	08e3      	lsrs	r3, r4, #3
10000366:	18ea      	adds	r2, r5, r3
10000368:	4694      	mov	ip, r2
1000036a:	5ce9      	ldrb	r1, [r5, r3]
1000036c:	2207      	movs	r2, #7
1000036e:	4022      	ands	r2, r4
10000370:	2301      	movs	r3, #1
10000372:	4093      	lsls	r3, r2
10000374:	420b      	tst	r3, r1
10000376:	d106      	bne.n	10000386 <hw_claim_or_assert+0x2e>
10000378:	b2db      	uxtb	r3, r3
1000037a:	430b      	orrs	r3, r1
1000037c:	4662      	mov	r2, ip
1000037e:	7013      	strb	r3, [r2, #0]
10000380:	f7ff ffe0 	bl	10000344 <hw_claim_unlock>
10000384:	bd70      	pop	{r4, r5, r6, pc}
10000386:	0021      	movs	r1, r4
10000388:	0030      	movs	r0, r6
1000038a:	f7ff ffb7 	bl	100002fc <panic>
	...

10000390 <next_striped_spin_lock_num>:
10000390:	4a05      	ldr	r2, [pc, #20]	@ (100003a8 <next_striped_spin_lock_num+0x18>)
10000392:	7810      	ldrb	r0, [r2, #0]
10000394:	1c43      	adds	r3, r0, #1
10000396:	b2db      	uxtb	r3, r3
10000398:	7013      	strb	r3, [r2, #0]
1000039a:	2b17      	cmp	r3, #23
1000039c:	d902      	bls.n	100003a4 <next_striped_spin_lock_num+0x14>
1000039e:	0013      	movs	r3, r2
100003a0:	2210      	movs	r2, #16
100003a2:	701a      	strb	r2, [r3, #0]
100003a4:	4770      	bx	lr
100003a6:	46c0      	nop			@ (mov r8, r8)
100003a8:	20000230 	.word	0x20000230

100003ac <spin_locks_reset>:
100003ac:	2300      	movs	r3, #0
100003ae:	e007      	b.n	100003c0 <spin_locks_reset+0x14>
100003b0:	4a05      	ldr	r2, [pc, #20]	@ (100003c8 <spin_locks_reset+0x1c>)
100003b2:	189a      	adds	r2, r3, r2
100003b4:	0092      	lsls	r2, r2, #2
100003b6:	f3bf 8f5f 	dmb	sy
100003ba:	2100      	movs	r1, #0
100003bc:	6011      	str	r1, [r2, #0]
100003be:	3301      	adds	r3, #1
100003c0:	2b1f      	cmp	r3, #31
100003c2:	d9f5      	bls.n	100003b0 <spin_locks_reset+0x4>
100003c4:	4770      	bx	lr
100003c6:	46c0      	nop			@ (mov r8, r8)
100003c8:	34000040 	.word	0x34000040

100003cc <set_raw_irq_handler_and_unlock>:
100003cc:	4b07      	ldr	r3, [pc, #28]	@ (100003ec <set_raw_irq_handler_and_unlock+0x20>)
100003ce:	689b      	ldr	r3, [r3, #8]
100003d0:	3010      	adds	r0, #16
100003d2:	0080      	lsls	r0, r0, #2
100003d4:	5019      	str	r1, [r3, r0]
100003d6:	f3bf 8f5f 	dmb	sy
100003da:	f3bf 8f5f 	dmb	sy
100003de:	4b04      	ldr	r3, [pc, #16]	@ (100003f0 <set_raw_irq_handler_and_unlock+0x24>)
100003e0:	2100      	movs	r1, #0
100003e2:	6019      	str	r1, [r3, #0]
100003e4:	f382 8810 	msr	PRIMASK, r2
100003e8:	4770      	bx	lr
100003ea:	46c0      	nop			@ (mov r8, r8)
100003ec:	e000ed00 	.word	0xe000ed00
100003f0:	d0000124 	.word	0xd0000124

100003f4 <nvic_ipr0>:
100003f4:	4800      	ldr	r0, [pc, #0]	@ (100003f8 <nvic_ipr0+0x4>)
100003f6:	4770      	bx	lr
100003f8:	e000e400 	.word	0xe000e400

100003fc <runtime_init_per_core_irq_priorities>:
100003fc:	b510      	push	{r4, lr}
100003fe:	f7ff fff9 	bl	100003f4 <nvic_ipr0>
10000402:	2300      	movs	r3, #0
10000404:	e002      	b.n	1000040c <runtime_init_per_core_irq_priorities+0x10>
10000406:	4a03      	ldr	r2, [pc, #12]	@ (10000414 <runtime_init_per_core_irq_priorities+0x18>)
10000408:	c004      	stmia	r0!, {r2}
1000040a:	3301      	adds	r3, #1
1000040c:	2b07      	cmp	r3, #7
1000040e:	d9fa      	bls.n	10000406 <runtime_init_per_core_irq_priorities+0xa>
10000410:	bd10      	pop	{r4, pc}
10000412:	46c0      	nop			@ (mov r8, r8)
10000414:	80808080 	.word	0x80808080

10000418 <irq_set_mask_n_enabled>:
10000418:	2a00      	cmp	r2, #0
1000041a:	d005      	beq.n	10000428 <irq_set_mask_n_enabled+0x10>
1000041c:	4b04      	ldr	r3, [pc, #16]	@ (10000430 <irq_set_mask_n_enabled+0x18>)
1000041e:	22c0      	movs	r2, #192	@ 0xc0
10000420:	0052      	lsls	r2, r2, #1
10000422:	5099      	str	r1, [r3, r2]
10000424:	6019      	str	r1, [r3, #0]
10000426:	4770      	bx	lr
10000428:	4a01      	ldr	r2, [pc, #4]	@ (10000430 <irq_set_mask_n_enabled+0x18>)
1000042a:	2380      	movs	r3, #128	@ 0x80
1000042c:	50d1      	str	r1, [r2, r3]
1000042e:	e7fa      	b.n	10000426 <irq_set_mask_n_enabled+0xe>
10000430:	e000e100 	.word	0xe000e100

10000434 <irq_set_enabled>:
10000434:	b510      	push	{r4, lr}
10000436:	000a      	movs	r2, r1
10000438:	231f      	movs	r3, #31
1000043a:	4003      	ands	r3, r0
1000043c:	2101      	movs	r1, #1
1000043e:	4099      	lsls	r1, r3
10000440:	0940      	lsrs	r0, r0, #5
10000442:	f7ff ffe9 	bl	10000418 <irq_set_mask_n_enabled>
10000446:	bd10      	pop	{r4, pc}

10000448 <irq_get_vtable_handler>:
10000448:	4b02      	ldr	r3, [pc, #8]	@ (10000454 <irq_get_vtable_handler+0xc>)
1000044a:	689b      	ldr	r3, [r3, #8]
1000044c:	3010      	adds	r0, #16
1000044e:	0080      	lsls	r0, r0, #2
10000450:	58c0      	ldr	r0, [r0, r3]
10000452:	4770      	bx	lr
10000454:	e000ed00 	.word	0xe000ed00

10000458 <irq_set_exclusive_handler>:
10000458:	b570      	push	{r4, r5, r6, lr}
1000045a:	0005      	movs	r5, r0
1000045c:	000e      	movs	r6, r1
1000045e:	f3ef 8410 	mrs	r4, PRIMASK
10000462:	b672      	cpsid	i
10000464:	4b0d      	ldr	r3, [pc, #52]	@ (1000049c <irq_set_exclusive_handler+0x44>)
10000466:	681b      	ldr	r3, [r3, #0]
10000468:	2b00      	cmp	r3, #0
1000046a:	d0fb      	beq.n	10000464 <irq_set_exclusive_handler+0xc>
1000046c:	f3bf 8f5f 	dmb	sy
10000470:	0028      	movs	r0, r5
10000472:	f7ff ffe9 	bl	10000448 <irq_get_vtable_handler>
10000476:	4b0a      	ldr	r3, [pc, #40]	@ (100004a0 <irq_set_exclusive_handler+0x48>)
10000478:	4298      	cmp	r0, r3
1000047a:	d001      	beq.n	10000480 <irq_set_exclusive_handler+0x28>
1000047c:	42b0      	cmp	r0, r6
1000047e:	d105      	bne.n	1000048c <irq_set_exclusive_handler+0x34>
10000480:	0022      	movs	r2, r4
10000482:	0031      	movs	r1, r6
10000484:	0028      	movs	r0, r5
10000486:	f7ff ffa1 	bl	100003cc <set_raw_irq_handler_and_unlock>
1000048a:	bd70      	pop	{r4, r5, r6, pc}
1000048c:	4b05      	ldr	r3, [pc, #20]	@ (100004a4 <irq_set_exclusive_handler+0x4c>)
1000048e:	4a06      	ldr	r2, [pc, #24]	@ (100004a8 <irq_set_exclusive_handler+0x50>)
10000490:	2182      	movs	r1, #130	@ 0x82
10000492:	4806      	ldr	r0, [pc, #24]	@ (100004ac <irq_set_exclusive_handler+0x54>)
10000494:	0049      	lsls	r1, r1, #1
10000496:	f002 ff13 	bl	100032c0 <__assert_func>
1000049a:	46c0      	nop			@ (mov r8, r8)
1000049c:	d0000124 	.word	0xd0000124
100004a0:	100001c1 	.word	0x100001c1
100004a4:	100036c0 	.word	0x100036c0
100004a8:	10003b70 	.word	0x10003b70
100004ac:	10003680 	.word	0x10003680

100004b0 <lock_init>:
100004b0:	4b02      	ldr	r3, [pc, #8]	@ (100004bc <lock_init+0xc>)
100004b2:	469c      	mov	ip, r3
100004b4:	4461      	add	r1, ip
100004b6:	0089      	lsls	r1, r1, #2
100004b8:	6001      	str	r1, [r0, #0]
100004ba:	4770      	bx	lr
100004bc:	34000040 	.word	0x34000040

100004c0 <mutex_init>:
100004c0:	b510      	push	{r4, lr}
100004c2:	0004      	movs	r4, r0
100004c4:	f7ff ff64 	bl	10000390 <next_striped_spin_lock_num>
100004c8:	0001      	movs	r1, r0
100004ca:	0020      	movs	r0, r4
100004cc:	f7ff fff0 	bl	100004b0 <lock_init>
100004d0:	23ff      	movs	r3, #255	@ 0xff
100004d2:	7123      	strb	r3, [r4, #4]
100004d4:	f3bf 8f5f 	dmb	sy
100004d8:	bd10      	pop	{r4, pc}

100004da <recursive_mutex_init>:
100004da:	b510      	push	{r4, lr}
100004dc:	0004      	movs	r4, r0
100004de:	f7ff ff57 	bl	10000390 <next_striped_spin_lock_num>
100004e2:	0001      	movs	r1, r0
100004e4:	0020      	movs	r0, r4
100004e6:	f7ff ffe3 	bl	100004b0 <lock_init>
100004ea:	23ff      	movs	r3, #255	@ 0xff
100004ec:	7123      	strb	r3, [r4, #4]
100004ee:	2300      	movs	r3, #0
100004f0:	7163      	strb	r3, [r4, #5]
100004f2:	f3bf 8f5f 	dmb	sy
100004f6:	bd10      	pop	{r4, pc}

100004f8 <runtime_init_mutex>:
100004f8:	b510      	push	{r4, lr}
100004fa:	4c0d      	ldr	r4, [pc, #52]	@ (10000530 <runtime_init_mutex+0x38>)
100004fc:	e009      	b.n	10000512 <runtime_init_mutex+0x1a>
100004fe:	4b0d      	ldr	r3, [pc, #52]	@ (10000534 <runtime_init_mutex+0x3c>)
10000500:	4a0d      	ldr	r2, [pc, #52]	@ (10000538 <runtime_init_mutex+0x40>)
10000502:	480e      	ldr	r0, [pc, #56]	@ (1000053c <runtime_init_mutex+0x44>)
10000504:	211a      	movs	r1, #26
10000506:	f002 fedb 	bl	100032c0 <__assert_func>
1000050a:	0020      	movs	r0, r4
1000050c:	f7ff ffd8 	bl	100004c0 <mutex_init>
10000510:	3408      	adds	r4, #8
10000512:	4b0b      	ldr	r3, [pc, #44]	@ (10000540 <runtime_init_mutex+0x48>)
10000514:	429c      	cmp	r4, r3
10000516:	d209      	bcs.n	1000052c <runtime_init_mutex+0x34>
10000518:	6823      	ldr	r3, [r4, #0]
1000051a:	2b00      	cmp	r3, #0
1000051c:	d0f5      	beq.n	1000050a <runtime_init_mutex+0x12>
1000051e:	2b01      	cmp	r3, #1
10000520:	d1ed      	bne.n	100004fe <runtime_init_mutex+0x6>
10000522:	0020      	movs	r0, r4
10000524:	f7ff ffd9 	bl	100004da <recursive_mutex_init>
10000528:	3408      	adds	r4, #8
1000052a:	e7f2      	b.n	10000512 <runtime_init_mutex+0x1a>
1000052c:	bd10      	pop	{r4, pc}
1000052e:	46c0      	nop			@ (mov r8, r8)
10000530:	20000280 	.word	0x20000280
10000534:	100036f8 	.word	0x100036f8
10000538:	10003bb0 	.word	0x10003bb0
1000053c:	10003718 	.word	0x10003718
10000540:	20000288 	.word	0x20000288

10000544 <ta_set_timeout>:
10000544:	b530      	push	{r4, r5, lr}
10000546:	6a83      	ldr	r3, [r0, #40]	@ 0x28
10000548:	469c      	mov	ip, r3
1000054a:	1ad4      	subs	r4, r2, r3
1000054c:	1d0b      	adds	r3, r1, #4
1000054e:	009b      	lsls	r3, r3, #2
10000550:	581b      	ldr	r3, [r3, r0]
10000552:	4665      	mov	r5, ip
10000554:	1b5b      	subs	r3, r3, r5
10000556:	429c      	cmp	r4, r3
10000558:	d304      	bcc.n	10000564 <ta_set_timeout+0x20>
1000055a:	6a04      	ldr	r4, [r0, #32]
1000055c:	2301      	movs	r3, #1
1000055e:	408b      	lsls	r3, r1
10000560:	4223      	tst	r3, r4
10000562:	d102      	bne.n	1000056a <ta_set_timeout+0x26>
10000564:	3104      	adds	r1, #4
10000566:	0089      	lsls	r1, r1, #2
10000568:	500a      	str	r2, [r1, r0]
1000056a:	bd30      	pop	{r4, r5, pc}

1000056c <make_alarm_id>:
1000056c:	0400      	lsls	r0, r0, #16
1000056e:	4308      	orrs	r0, r1
10000570:	4770      	bx	lr
	...

10000574 <sleep_until_callback>:
10000574:	4b0a      	ldr	r3, [pc, #40]	@ (100005a0 <sleep_until_callback+0x2c>)
10000576:	6819      	ldr	r1, [r3, #0]
10000578:	f3ef 8310 	mrs	r3, PRIMASK
1000057c:	b672      	cpsid	i
1000057e:	680a      	ldr	r2, [r1, #0]
10000580:	2a00      	cmp	r2, #0
10000582:	d0fc      	beq.n	1000057e <sleep_until_callback+0xa>
10000584:	f3bf 8f5f 	dmb	sy
10000588:	4a05      	ldr	r2, [pc, #20]	@ (100005a0 <sleep_until_callback+0x2c>)
1000058a:	6812      	ldr	r2, [r2, #0]
1000058c:	f3bf 8f5f 	dmb	sy
10000590:	2100      	movs	r1, #0
10000592:	6011      	str	r1, [r2, #0]
10000594:	f383 8810 	msr	PRIMASK, r3
10000598:	bf40      	sev
1000059a:	2000      	movs	r0, #0
1000059c:	2100      	movs	r1, #0
1000059e:	4770      	bx	lr
100005a0:	20000650 	.word	0x20000650

100005a4 <alarm_pool_irq_handler>:
100005a4:	b5f0      	push	{r4, r5, r6, r7, lr}
100005a6:	46de      	mov	lr, fp
100005a8:	4657      	mov	r7, sl
100005aa:	464e      	mov	r6, r9
100005ac:	4645      	mov	r5, r8
100005ae:	b5e0      	push	{r5, r6, r7, lr}
100005b0:	b083      	sub	sp, #12
100005b2:	f3ef 8305 	mrs	r3, IPSR
100005b6:	2203      	movs	r2, #3
100005b8:	401a      	ands	r2, r3
100005ba:	0011      	movs	r1, r2
100005bc:	9201      	str	r2, [sp, #4]
100005be:	4baf      	ldr	r3, [pc, #700]	@ (1000087c <alarm_pool_irq_handler+0x2d8>)
100005c0:	0092      	lsls	r2, r2, #2
100005c2:	58d3      	ldr	r3, [r2, r3]
100005c4:	4698      	mov	r8, r3
100005c6:	781b      	ldrb	r3, [r3, #0]
100005c8:	428b      	cmp	r3, r1
100005ca:	d107      	bne.n	100005dc <alarm_pool_irq_handler+0x38>
100005cc:	2301      	movs	r3, #1
100005ce:	9a01      	ldr	r2, [sp, #4]
100005d0:	4093      	lsls	r3, r2
100005d2:	9300      	str	r3, [sp, #0]
100005d4:	4baa      	ldr	r3, [pc, #680]	@ (10000880 <alarm_pool_irq_handler+0x2dc>)
100005d6:	9a00      	ldr	r2, [sp, #0]
100005d8:	601a      	str	r2, [r3, #0]
100005da:	e11f      	b.n	1000081c <alarm_pool_irq_handler+0x278>
100005dc:	4ba9      	ldr	r3, [pc, #676]	@ (10000884 <alarm_pool_irq_handler+0x2e0>)
100005de:	4aaa      	ldr	r2, [pc, #680]	@ (10000888 <alarm_pool_irq_handler+0x2e4>)
100005e0:	48aa      	ldr	r0, [pc, #680]	@ (1000088c <alarm_pool_irq_handler+0x2e8>)
100005e2:	219c      	movs	r1, #156	@ 0x9c
100005e4:	f002 fe6c 	bl	100032c0 <__assert_func>
100005e8:	4643      	mov	r3, r8
100005ea:	695a      	ldr	r2, [r3, #20]
100005ec:	464b      	mov	r3, r9
100005ee:	005b      	lsls	r3, r3, #1
100005f0:	444b      	add	r3, r9
100005f2:	00db      	lsls	r3, r3, #3
100005f4:	4693      	mov	fp, r2
100005f6:	449b      	add	fp, r3
100005f8:	465b      	mov	r3, fp
100005fa:	689e      	ldr	r6, [r3, #8]
100005fc:	68df      	ldr	r7, [r3, #12]
100005fe:	48a4      	ldr	r0, [pc, #656]	@ (10000890 <alarm_pool_irq_handler+0x2ec>)
10000600:	f000 fbba 	bl	10000d78 <timer_time_us_64>
10000604:	1b80      	subs	r0, r0, r6
10000606:	41b9      	sbcs	r1, r7
10000608:	2900      	cmp	r1, #0
1000060a:	da00      	bge.n	1000060e <alarm_pool_irq_handler+0x6a>
1000060c:	e110      	b.n	10000830 <alarm_pool_irq_handler+0x28c>
1000060e:	2f00      	cmp	r7, #0
10000610:	db61      	blt.n	100006d6 <alarm_pool_irq_handler+0x132>
10000612:	465b      	mov	r3, fp
10000614:	691c      	ldr	r4, [r3, #16]
10000616:	4b9f      	ldr	r3, [pc, #636]	@ (10000894 <alarm_pool_irq_handler+0x2f0>)
10000618:	429c      	cmp	r4, r3
1000061a:	d047      	beq.n	100006ac <alarm_pool_irq_handler+0x108>
1000061c:	4643      	mov	r3, r8
1000061e:	2008      	movs	r0, #8
10000620:	5e18      	ldrsh	r0, [r3, r0]
10000622:	465b      	mov	r3, fp
10000624:	8859      	ldrh	r1, [r3, #2]
10000626:	b289      	uxth	r1, r1
10000628:	f7ff ffa0 	bl	1000056c <make_alarm_id>
1000062c:	465b      	mov	r3, fp
1000062e:	6959      	ldr	r1, [r3, #20]
10000630:	47a0      	blx	r4
10000632:	0004      	movs	r4, r0
10000634:	000d      	movs	r5, r1
10000636:	0023      	movs	r3, r4
10000638:	432b      	orrs	r3, r5
1000063a:	d04c      	beq.n	100006d6 <alarm_pool_irq_handler+0x132>
1000063c:	2d00      	cmp	r5, #0
1000063e:	da3e      	bge.n	100006be <alarm_pool_irq_handler+0x11a>
10000640:	0030      	movs	r0, r6
10000642:	0039      	movs	r1, r7
10000644:	1b00      	subs	r0, r0, r4
10000646:	41a9      	sbcs	r1, r5
10000648:	465b      	mov	r3, fp
1000064a:	6098      	str	r0, [r3, #8]
1000064c:	60d9      	str	r1, [r3, #12]
1000064e:	2400      	movs	r4, #0
10000650:	5f1c      	ldrsh	r4, [r3, r4]
10000652:	2c00      	cmp	r4, #0
10000654:	da00      	bge.n	10000658 <alarm_pool_irq_handler+0xb4>
10000656:	e0eb      	b.n	10000830 <alarm_pool_irq_handler+0x28c>
10000658:	4643      	mov	r3, r8
1000065a:	695a      	ldr	r2, [r3, #20]
1000065c:	4692      	mov	sl, r2
1000065e:	0063      	lsls	r3, r4, #1
10000660:	191b      	adds	r3, r3, r4
10000662:	00db      	lsls	r3, r3, #3
10000664:	4453      	add	r3, sl
10000666:	689a      	ldr	r2, [r3, #8]
10000668:	68db      	ldr	r3, [r3, #12]
1000066a:	0005      	movs	r5, r0
1000066c:	000e      	movs	r6, r1
1000066e:	1aad      	subs	r5, r5, r2
10000670:	419e      	sbcs	r6, r3
10000672:	2e00      	cmp	r6, #0
10000674:	da00      	bge.n	10000678 <alarm_pool_irq_handler+0xd4>
10000676:	e0db      	b.n	10000830 <alarm_pool_irq_handler+0x28c>
10000678:	4643      	mov	r3, r8
1000067a:	811c      	strh	r4, [r3, #8]
1000067c:	4647      	mov	r7, r8
1000067e:	3708      	adds	r7, #8
10000680:	46bc      	mov	ip, r7
10000682:	2c00      	cmp	r4, #0
10000684:	db21      	blt.n	100006ca <alarm_pool_irq_handler+0x126>
10000686:	4663      	mov	r3, ip
10000688:	2200      	movs	r2, #0
1000068a:	5e9b      	ldrsh	r3, [r3, r2]
1000068c:	005d      	lsls	r5, r3, #1
1000068e:	18ed      	adds	r5, r5, r3
10000690:	00ed      	lsls	r5, r5, #3
10000692:	4455      	add	r5, sl
10000694:	68aa      	ldr	r2, [r5, #8]
10000696:	68eb      	ldr	r3, [r5, #12]
10000698:	0006      	movs	r6, r0
1000069a:	000f      	movs	r7, r1
1000069c:	1ab6      	subs	r6, r6, r2
1000069e:	419f      	sbcs	r7, r3
100006a0:	2f00      	cmp	r7, #0
100006a2:	db12      	blt.n	100006ca <alarm_pool_irq_handler+0x126>
100006a4:	46ac      	mov	ip, r5
100006a6:	2300      	movs	r3, #0
100006a8:	5eec      	ldrsh	r4, [r5, r3]
100006aa:	e7ea      	b.n	10000682 <alarm_pool_irq_handler+0xde>
100006ac:	465b      	mov	r3, fp
100006ae:	695c      	ldr	r4, [r3, #20]
100006b0:	6923      	ldr	r3, [r4, #16]
100006b2:	0020      	movs	r0, r4
100006b4:	4798      	blx	r3
100006b6:	2800      	cmp	r0, #0
100006b8:	d00d      	beq.n	100006d6 <alarm_pool_irq_handler+0x132>
100006ba:	cc30      	ldmia	r4, {r4, r5}
100006bc:	e7bb      	b.n	10000636 <alarm_pool_irq_handler+0x92>
100006be:	4874      	ldr	r0, [pc, #464]	@ (10000890 <alarm_pool_irq_handler+0x2ec>)
100006c0:	f000 fb5a 	bl	10000d78 <timer_time_us_64>
100006c4:	1900      	adds	r0, r0, r4
100006c6:	4169      	adcs	r1, r5
100006c8:	e7be      	b.n	10000648 <alarm_pool_irq_handler+0xa4>
100006ca:	465b      	mov	r3, fp
100006cc:	801c      	strh	r4, [r3, #0]
100006ce:	464b      	mov	r3, r9
100006d0:	4662      	mov	r2, ip
100006d2:	8013      	strh	r3, [r2, #0]
100006d4:	e0ac      	b.n	10000830 <alarm_pool_irq_handler+0x28c>
100006d6:	465b      	mov	r3, fp
100006d8:	2200      	movs	r2, #0
100006da:	5e9b      	ldrsh	r3, [r3, r2]
100006dc:	4642      	mov	r2, r8
100006de:	8113      	strh	r3, [r2, #8]
100006e0:	6912      	ldr	r2, [r2, #16]
100006e2:	f3ef 8310 	mrs	r3, PRIMASK
100006e6:	b672      	cpsid	i
100006e8:	6811      	ldr	r1, [r2, #0]
100006ea:	2900      	cmp	r1, #0
100006ec:	d0fc      	beq.n	100006e8 <alarm_pool_irq_handler+0x144>
100006ee:	f3bf 8f5f 	dmb	sy
100006f2:	4642      	mov	r2, r8
100006f4:	2102      	movs	r1, #2
100006f6:	5e52      	ldrsh	r2, [r2, r1]
100006f8:	4659      	mov	r1, fp
100006fa:	800a      	strh	r2, [r1, #0]
100006fc:	4642      	mov	r2, r8
100006fe:	4649      	mov	r1, r9
10000700:	8051      	strh	r1, [r2, #2]
10000702:	6912      	ldr	r2, [r2, #16]
10000704:	f3bf 8f5f 	dmb	sy
10000708:	2100      	movs	r1, #0
1000070a:	6011      	str	r1, [r2, #0]
1000070c:	f383 8810 	msr	PRIMASK, r3
10000710:	e08e      	b.n	10000830 <alarm_pool_irq_handler+0x28c>
10000712:	4643      	mov	r3, r8
10000714:	6919      	ldr	r1, [r3, #16]
10000716:	f3ef 8310 	mrs	r3, PRIMASK
1000071a:	b672      	cpsid	i
1000071c:	680a      	ldr	r2, [r1, #0]
1000071e:	2a00      	cmp	r2, #0
10000720:	d0fc      	beq.n	1000071c <alarm_pool_irq_handler+0x178>
10000722:	f3bf 8f5f 	dmb	sy
10000726:	4642      	mov	r2, r8
10000728:	8892      	ldrh	r2, [r2, #4]
1000072a:	b212      	sxth	r2, r2
1000072c:	4691      	mov	r9, r2
1000072e:	2201      	movs	r2, #1
10000730:	4252      	negs	r2, r2
10000732:	4641      	mov	r1, r8
10000734:	808a      	strh	r2, [r1, #4]
10000736:	690a      	ldr	r2, [r1, #16]
10000738:	f3bf 8f5f 	dmb	sy
1000073c:	2100      	movs	r1, #0
1000073e:	6011      	str	r1, [r2, #0]
10000740:	f383 8810 	msr	PRIMASK, r3
10000744:	e01c      	b.n	10000780 <alarm_pool_irq_handler+0x1dc>
10000746:	469b      	mov	fp, r3
10000748:	2200      	movs	r2, #0
1000074a:	5e9a      	ldrsh	r2, [r3, r2]
1000074c:	2a00      	cmp	r2, #0
1000074e:	db0e      	blt.n	1000076e <alarm_pool_irq_handler+0x1ca>
10000750:	465b      	mov	r3, fp
10000752:	2100      	movs	r1, #0
10000754:	5e59      	ldrsh	r1, [r3, r1]
10000756:	004b      	lsls	r3, r1, #1
10000758:	185b      	adds	r3, r3, r1
1000075a:	00db      	lsls	r3, r3, #3
1000075c:	4453      	add	r3, sl
1000075e:	6898      	ldr	r0, [r3, #8]
10000760:	68d9      	ldr	r1, [r3, #12]
10000762:	0026      	movs	r6, r4
10000764:	002f      	movs	r7, r5
10000766:	1a36      	subs	r6, r6, r0
10000768:	418f      	sbcs	r7, r1
1000076a:	2f00      	cmp	r7, #0
1000076c:	daeb      	bge.n	10000746 <alarm_pool_irq_handler+0x1a2>
1000076e:	464b      	mov	r3, r9
10000770:	4659      	mov	r1, fp
10000772:	800b      	strh	r3, [r1, #0]
10000774:	4663      	mov	r3, ip
10000776:	2100      	movs	r1, #0
10000778:	5e5b      	ldrsh	r3, [r3, r1]
1000077a:	4699      	mov	r9, r3
1000077c:	4663      	mov	r3, ip
1000077e:	801a      	strh	r2, [r3, #0]
10000780:	464b      	mov	r3, r9
10000782:	2b00      	cmp	r3, #0
10000784:	db5a      	blt.n	1000083c <alarm_pool_irq_handler+0x298>
10000786:	4643      	mov	r3, r8
10000788:	695a      	ldr	r2, [r3, #20]
1000078a:	4692      	mov	sl, r2
1000078c:	464b      	mov	r3, r9
1000078e:	005b      	lsls	r3, r3, #1
10000790:	444b      	add	r3, r9
10000792:	00db      	lsls	r3, r3, #3
10000794:	469c      	mov	ip, r3
10000796:	44d4      	add	ip, sl
10000798:	4663      	mov	r3, ip
1000079a:	689c      	ldr	r4, [r3, #8]
1000079c:	68dd      	ldr	r5, [r3, #12]
1000079e:	4646      	mov	r6, r8
100007a0:	3608      	adds	r6, #8
100007a2:	46b3      	mov	fp, r6
100007a4:	4643      	mov	r3, r8
100007a6:	2208      	movs	r2, #8
100007a8:	5e9a      	ldrsh	r2, [r3, r2]
100007aa:	e7cf      	b.n	1000074c <alarm_pool_irq_handler+0x1a8>
100007ac:	2300      	movs	r3, #0
100007ae:	4642      	mov	r2, r8
100007b0:	7193      	strb	r3, [r2, #6]
100007b2:	4641      	mov	r1, r8
100007b4:	3108      	adds	r1, #8
100007b6:	4643      	mov	r3, r8
100007b8:	2008      	movs	r0, #8
100007ba:	5e18      	ldrsh	r0, [r3, r0]
100007bc:	e011      	b.n	100007e2 <alarm_pool_irq_handler+0x23e>
100007be:	2201      	movs	r2, #1
100007c0:	4252      	negs	r2, r2
100007c2:	17d3      	asrs	r3, r2, #31
100007c4:	60a2      	str	r2, [r4, #8]
100007c6:	60e3      	str	r3, [r4, #12]
100007c8:	4643      	mov	r3, r8
100007ca:	2208      	movs	r2, #8
100007cc:	5e9b      	ldrsh	r3, [r3, r2]
100007ce:	4283      	cmp	r3, r0
100007d0:	d006      	beq.n	100007e0 <alarm_pool_irq_handler+0x23c>
100007d2:	800d      	strh	r5, [r1, #0]
100007d4:	4643      	mov	r3, r8
100007d6:	2208      	movs	r2, #8
100007d8:	5e9b      	ldrsh	r3, [r3, r2]
100007da:	8023      	strh	r3, [r4, #0]
100007dc:	4643      	mov	r3, r8
100007de:	8118      	strh	r0, [r3, #8]
100007e0:	0028      	movs	r0, r5
100007e2:	1c43      	adds	r3, r0, #1
100007e4:	d02e      	beq.n	10000844 <alarm_pool_irq_handler+0x2a0>
100007e6:	4643      	mov	r3, r8
100007e8:	695a      	ldr	r2, [r3, #20]
100007ea:	0043      	lsls	r3, r0, #1
100007ec:	181b      	adds	r3, r3, r0
100007ee:	00db      	lsls	r3, r3, #3
100007f0:	18d4      	adds	r4, r2, r3
100007f2:	5ed5      	ldrsh	r5, [r2, r3]
100007f4:	8863      	ldrh	r3, [r4, #2]
100007f6:	b21b      	sxth	r3, r3
100007f8:	2b00      	cmp	r3, #0
100007fa:	dbe0      	blt.n	100007be <alarm_pool_irq_handler+0x21a>
100007fc:	0021      	movs	r1, r4
100007fe:	e7ef      	b.n	100007e0 <alarm_pool_irq_handler+0x23c>
10000800:	0022      	movs	r2, r4
10000802:	002b      	movs	r3, r5
10000804:	9901      	ldr	r1, [sp, #4]
10000806:	4822      	ldr	r0, [pc, #136]	@ (10000890 <alarm_pool_irq_handler+0x2ec>)
10000808:	f7ff fe9c 	bl	10000544 <ta_set_timeout>
1000080c:	4820      	ldr	r0, [pc, #128]	@ (10000890 <alarm_pool_irq_handler+0x2ec>)
1000080e:	f000 fab3 	bl	10000d78 <timer_time_us_64>
10000812:	1a24      	subs	r4, r4, r0
10000814:	418d      	sbcs	r5, r1
10000816:	2d00      	cmp	r5, #0
10000818:	dc28      	bgt.n	1000086c <alarm_pool_irq_handler+0x2c8>
1000081a:	d025      	beq.n	10000868 <alarm_pool_irq_handler+0x2c4>
1000081c:	4b1c      	ldr	r3, [pc, #112]	@ (10000890 <alarm_pool_irq_handler+0x2ec>)
1000081e:	9a00      	ldr	r2, [sp, #0]
10000820:	635a      	str	r2, [r3, #52]	@ 0x34
10000822:	4643      	mov	r3, r8
10000824:	2208      	movs	r2, #8
10000826:	5e9b      	ldrsh	r3, [r3, r2]
10000828:	4699      	mov	r9, r3
1000082a:	2b00      	cmp	r3, #0
1000082c:	db00      	blt.n	10000830 <alarm_pool_irq_handler+0x28c>
1000082e:	e6db      	b.n	100005e8 <alarm_pool_irq_handler+0x44>
10000830:	4643      	mov	r3, r8
10000832:	889b      	ldrh	r3, [r3, #4]
10000834:	b21b      	sxth	r3, r3
10000836:	2b00      	cmp	r3, #0
10000838:	db00      	blt.n	1000083c <alarm_pool_irq_handler+0x298>
1000083a:	e76a      	b.n	10000712 <alarm_pool_irq_handler+0x16e>
1000083c:	4643      	mov	r3, r8
1000083e:	799b      	ldrb	r3, [r3, #6]
10000840:	2b00      	cmp	r3, #0
10000842:	d1b3      	bne.n	100007ac <alarm_pool_irq_handler+0x208>
10000844:	4643      	mov	r3, r8
10000846:	2208      	movs	r2, #8
10000848:	5e9a      	ldrsh	r2, [r3, r2]
1000084a:	2a00      	cmp	r2, #0
1000084c:	db0e      	blt.n	1000086c <alarm_pool_irq_handler+0x2c8>
1000084e:	4643      	mov	r3, r8
10000850:	6959      	ldr	r1, [r3, #20]
10000852:	0053      	lsls	r3, r2, #1
10000854:	189b      	adds	r3, r3, r2
10000856:	00db      	lsls	r3, r3, #3
10000858:	18cb      	adds	r3, r1, r3
1000085a:	689c      	ldr	r4, [r3, #8]
1000085c:	68dd      	ldr	r5, [r3, #12]
1000085e:	1c63      	adds	r3, r4, #1
10000860:	d1ce      	bne.n	10000800 <alarm_pool_irq_handler+0x25c>
10000862:	1c6b      	adds	r3, r5, #1
10000864:	d0d2      	beq.n	1000080c <alarm_pool_irq_handler+0x268>
10000866:	e7cb      	b.n	10000800 <alarm_pool_irq_handler+0x25c>
10000868:	2c00      	cmp	r4, #0
1000086a:	d0d7      	beq.n	1000081c <alarm_pool_irq_handler+0x278>
1000086c:	bf40      	sev
1000086e:	b003      	add	sp, #12
10000870:	bcf0      	pop	{r4, r5, r6, r7}
10000872:	46bb      	mov	fp, r7
10000874:	46b2      	mov	sl, r6
10000876:	46a9      	mov	r9, r5
10000878:	46a0      	mov	r8, r4
1000087a:	bdf0      	pop	{r4, r5, r6, r7, pc}
1000087c:	2000043c 	.word	0x2000043c
10000880:	4005703c 	.word	0x4005703c
10000884:	100037a8 	.word	0x100037a8
10000888:	10003bdc 	.word	0x10003bdc
1000088c:	100037d4 	.word	0x100037d4
10000890:	40054000 	.word	0x40054000
10000894:	100005a5 	.word	0x100005a5

10000898 <ta_enable_irq_handler>:
10000898:	b570      	push	{r4, r5, r6, lr}
1000089a:	0004      	movs	r4, r0
1000089c:	000d      	movs	r5, r1
1000089e:	0011      	movs	r1, r2
100008a0:	2601      	movs	r6, #1
100008a2:	40ae      	lsls	r6, r5
100008a4:	6206      	str	r6, [r0, #32]
100008a6:	0028      	movs	r0, r5
100008a8:	f7ff fdd6 	bl	10000458 <irq_set_exclusive_handler>
100008ac:	2101      	movs	r1, #1
100008ae:	0028      	movs	r0, r5
100008b0:	f7ff fdc0 	bl	10000434 <irq_set_enabled>
100008b4:	4b02      	ldr	r3, [pc, #8]	@ (100008c0 <ta_enable_irq_handler+0x28>)
100008b6:	469c      	mov	ip, r3
100008b8:	4464      	add	r4, ip
100008ba:	6026      	str	r6, [r4, #0]
100008bc:	bd70      	pop	{r4, r5, r6, pc}
100008be:	46c0      	nop			@ (mov r8, r8)
100008c0:	00002038 	.word	0x00002038

100008c4 <alarm_pool_post_alloc_init>:
100008c4:	b5f8      	push	{r3, r4, r5, r6, r7, lr}
100008c6:	0004      	movs	r4, r0
100008c8:	000f      	movs	r7, r1
100008ca:	0016      	movs	r6, r2
100008cc:	001d      	movs	r5, r3
100008ce:	60c1      	str	r1, [r0, #12]
100008d0:	f7ff fd5e 	bl	10000390 <next_striped_spin_lock_num>
100008d4:	4b12      	ldr	r3, [pc, #72]	@ (10000920 <alarm_pool_post_alloc_init+0x5c>)
100008d6:	469c      	mov	ip, r3
100008d8:	4460      	add	r0, ip
100008da:	0080      	lsls	r0, r0, #2
100008dc:	6120      	str	r0, [r4, #16]
100008de:	7026      	strb	r6, [r4, #0]
100008e0:	b2ab      	uxth	r3, r5
100008e2:	8163      	strh	r3, [r4, #10]
100008e4:	22d0      	movs	r2, #208	@ 0xd0
100008e6:	0612      	lsls	r2, r2, #24
100008e8:	7812      	ldrb	r2, [r2, #0]
100008ea:	7062      	strb	r2, [r4, #1]
100008ec:	2201      	movs	r2, #1
100008ee:	4252      	negs	r2, r2
100008f0:	8122      	strh	r2, [r4, #8]
100008f2:	80a2      	strh	r2, [r4, #4]
100008f4:	189b      	adds	r3, r3, r2
100008f6:	8063      	strh	r3, [r4, #2]
100008f8:	2300      	movs	r3, #0
100008fa:	e006      	b.n	1000090a <alarm_pool_post_alloc_init+0x46>
100008fc:	1e58      	subs	r0, r3, #1
100008fe:	6961      	ldr	r1, [r4, #20]
10000900:	005a      	lsls	r2, r3, #1
10000902:	18d2      	adds	r2, r2, r3
10000904:	00d2      	lsls	r2, r2, #3
10000906:	5288      	strh	r0, [r1, r2]
10000908:	3301      	adds	r3, #1
1000090a:	42ab      	cmp	r3, r5
1000090c:	d3f6      	bcc.n	100008fc <alarm_pool_post_alloc_init+0x38>
1000090e:	4b05      	ldr	r3, [pc, #20]	@ (10000924 <alarm_pool_post_alloc_init+0x60>)
10000910:	00b2      	lsls	r2, r6, #2
10000912:	50d4      	str	r4, [r2, r3]
10000914:	4a04      	ldr	r2, [pc, #16]	@ (10000928 <alarm_pool_post_alloc_init+0x64>)
10000916:	0031      	movs	r1, r6
10000918:	0038      	movs	r0, r7
1000091a:	f7ff ffbd 	bl	10000898 <ta_enable_irq_handler>
1000091e:	bdf8      	pop	{r3, r4, r5, r6, r7, pc}
10000920:	34000040 	.word	0x34000040
10000924:	2000043c 	.word	0x2000043c
10000928:	100005a5 	.word	0x100005a5

1000092c <alarm_pool_get_default>:
1000092c:	b510      	push	{r4, lr}
1000092e:	4b06      	ldr	r3, [pc, #24]	@ (10000948 <alarm_pool_get_default+0x1c>)
10000930:	691b      	ldr	r3, [r3, #16]
10000932:	2b00      	cmp	r3, #0
10000934:	d001      	beq.n	1000093a <alarm_pool_get_default+0xe>
10000936:	4804      	ldr	r0, [pc, #16]	@ (10000948 <alarm_pool_get_default+0x1c>)
10000938:	bd10      	pop	{r4, pc}
1000093a:	4b04      	ldr	r3, [pc, #16]	@ (1000094c <alarm_pool_get_default+0x20>)
1000093c:	4a04      	ldr	r2, [pc, #16]	@ (10000950 <alarm_pool_get_default+0x24>)
1000093e:	4805      	ldr	r0, [pc, #20]	@ (10000954 <alarm_pool_get_default+0x28>)
10000940:	2165      	movs	r1, #101	@ 0x65
10000942:	f002 fcbd 	bl	100032c0 <__assert_func>
10000946:	46c0      	nop			@ (mov r8, r8)
10000948:	20000240 	.word	0x20000240
1000094c:	10003810 	.word	0x10003810
10000950:	10003bc4 	.word	0x10003bc4
10000954:	100037d4 	.word	0x100037d4

10000958 <alarm_pool_add_alarm_at_force_in_context>:
10000958:	b5f8      	push	{r3, r4, r5, r6, r7, lr}
1000095a:	0004      	movs	r4, r0
1000095c:	6905      	ldr	r5, [r0, #16]
1000095e:	f3ef 8010 	mrs	r0, PRIMASK
10000962:	b672      	cpsid	i
10000964:	6829      	ldr	r1, [r5, #0]
10000966:	2900      	cmp	r1, #0
10000968:	d0fc      	beq.n	10000964 <alarm_pool_add_alarm_at_force_in_context+0xc>
1000096a:	f3bf 8f5f 	dmb	sy
1000096e:	2102      	movs	r1, #2
10000970:	5e66      	ldrsh	r6, [r4, r1]
10000972:	6965      	ldr	r5, [r4, #20]
10000974:	0071      	lsls	r1, r6, #1
10000976:	1989      	adds	r1, r1, r6
10000978:	00c9      	lsls	r1, r1, #3
1000097a:	186d      	adds	r5, r5, r1
1000097c:	2e00      	cmp	r6, #0
1000097e:	db02      	blt.n	10000986 <alarm_pool_add_alarm_at_force_in_context+0x2e>
10000980:	2700      	movs	r7, #0
10000982:	5fe9      	ldrsh	r1, [r5, r7]
10000984:	8061      	strh	r1, [r4, #2]
10000986:	6921      	ldr	r1, [r4, #16]
10000988:	f3bf 8f5f 	dmb	sy
1000098c:	2700      	movs	r7, #0
1000098e:	600f      	str	r7, [r1, #0]
10000990:	f380 8810 	msr	PRIMASK, r0
10000994:	2e00      	cmp	r6, #0
10000996:	db2c      	blt.n	100009f2 <alarm_pool_add_alarm_at_force_in_context+0x9a>
10000998:	9906      	ldr	r1, [sp, #24]
1000099a:	6129      	str	r1, [r5, #16]
1000099c:	9907      	ldr	r1, [sp, #28]
1000099e:	6169      	str	r1, [r5, #20]
100009a0:	60aa      	str	r2, [r5, #8]
100009a2:	60eb      	str	r3, [r5, #12]
100009a4:	886b      	ldrh	r3, [r5, #2]
100009a6:	3301      	adds	r3, #1
100009a8:	045b      	lsls	r3, r3, #17
100009aa:	0c59      	lsrs	r1, r3, #17
100009ac:	2b00      	cmp	r3, #0
100009ae:	d100      	bne.n	100009b2 <alarm_pool_add_alarm_at_force_in_context+0x5a>
100009b0:	2101      	movs	r1, #1
100009b2:	8069      	strh	r1, [r5, #2]
100009b4:	0030      	movs	r0, r6
100009b6:	f7ff fdd9 	bl	1000056c <make_alarm_id>
100009ba:	6921      	ldr	r1, [r4, #16]
100009bc:	f3ef 8310 	mrs	r3, PRIMASK
100009c0:	b672      	cpsid	i
100009c2:	680a      	ldr	r2, [r1, #0]
100009c4:	2a00      	cmp	r2, #0
100009c6:	d0fc      	beq.n	100009c2 <alarm_pool_add_alarm_at_force_in_context+0x6a>
100009c8:	f3bf 8f5f 	dmb	sy
100009cc:	88a2      	ldrh	r2, [r4, #4]
100009ce:	802a      	strh	r2, [r5, #0]
100009d0:	80a6      	strh	r6, [r4, #4]
100009d2:	6922      	ldr	r2, [r4, #16]
100009d4:	f3bf 8f5f 	dmb	sy
100009d8:	2100      	movs	r1, #0
100009da:	6011      	str	r1, [r2, #0]
100009dc:	f383 8810 	msr	PRIMASK, r3
100009e0:	68e3      	ldr	r3, [r4, #12]
100009e2:	7821      	ldrb	r1, [r4, #0]
100009e4:	2201      	movs	r2, #1
100009e6:	408a      	lsls	r2, r1
100009e8:	4903      	ldr	r1, [pc, #12]	@ (100009f8 <alarm_pool_add_alarm_at_force_in_context+0xa0>)
100009ea:	468c      	mov	ip, r1
100009ec:	4463      	add	r3, ip
100009ee:	601a      	str	r2, [r3, #0]
100009f0:	bdf8      	pop	{r3, r4, r5, r6, r7, pc}
100009f2:	2001      	movs	r0, #1
100009f4:	4240      	negs	r0, r0
100009f6:	e7fb      	b.n	100009f0 <alarm_pool_add_alarm_at_force_in_context+0x98>
100009f8:	0000203c 	.word	0x0000203c

100009fc <alarm_pool_add_alarm_at>:
100009fc:	b570      	push	{r4, r5, r6, lr}
100009fe:	b082      	sub	sp, #8
10000a00:	0006      	movs	r6, r0
10000a02:	0014      	movs	r4, r2
10000a04:	001d      	movs	r5, r3
10000a06:	ab08      	add	r3, sp, #32
10000a08:	781b      	ldrb	r3, [r3, #0]
10000a0a:	2b00      	cmp	r3, #0
10000a0c:	d107      	bne.n	10000a1e <alarm_pool_add_alarm_at+0x22>
10000a0e:	f000 f9c9 	bl	10000da4 <time_us_64>
10000a12:	0022      	movs	r2, r4
10000a14:	002b      	movs	r3, r5
10000a16:	1a12      	subs	r2, r2, r0
10000a18:	418b      	sbcs	r3, r1
10000a1a:	2b00      	cmp	r3, #0
10000a1c:	db0a      	blt.n	10000a34 <alarm_pool_add_alarm_at+0x38>
10000a1e:	9b07      	ldr	r3, [sp, #28]
10000a20:	9301      	str	r3, [sp, #4]
10000a22:	9b06      	ldr	r3, [sp, #24]
10000a24:	9300      	str	r3, [sp, #0]
10000a26:	0022      	movs	r2, r4
10000a28:	002b      	movs	r3, r5
10000a2a:	0030      	movs	r0, r6
10000a2c:	f7ff ff94 	bl	10000958 <alarm_pool_add_alarm_at_force_in_context>
10000a30:	b002      	add	sp, #8
10000a32:	bd70      	pop	{r4, r5, r6, pc}
10000a34:	2000      	movs	r0, #0
10000a36:	e7fb      	b.n	10000a30 <alarm_pool_add_alarm_at+0x34>

10000a38 <add_alarm_at>:
10000a38:	b5f0      	push	{r4, r5, r6, r7, lr}
10000a3a:	46c6      	mov	lr, r8
10000a3c:	b500      	push	{lr}
10000a3e:	b084      	sub	sp, #16
10000a40:	4680      	mov	r8, r0
10000a42:	000f      	movs	r7, r1
10000a44:	0016      	movs	r6, r2
10000a46:	001d      	movs	r5, r3
10000a48:	ab0a      	add	r3, sp, #40	@ 0x28
10000a4a:	781c      	ldrb	r4, [r3, #0]
10000a4c:	f7ff ff6e 	bl	1000092c <alarm_pool_get_default>
10000a50:	9402      	str	r4, [sp, #8]
10000a52:	9501      	str	r5, [sp, #4]
10000a54:	9600      	str	r6, [sp, #0]
10000a56:	4642      	mov	r2, r8
10000a58:	003b      	movs	r3, r7
10000a5a:	f7ff ffcf 	bl	100009fc <alarm_pool_add_alarm_at>
10000a5e:	b004      	add	sp, #16
10000a60:	bc80      	pop	{r7}
10000a62:	46b8      	mov	r8, r7
10000a64:	bdf0      	pop	{r4, r5, r6, r7, pc}
	...

10000a68 <alarm_pool_cancel_alarm>:
10000a68:	b530      	push	{r4, r5, lr}
10000a6a:	0004      	movs	r4, r0
10000a6c:	140a      	asrs	r2, r1, #16
10000a6e:	8943      	ldrh	r3, [r0, #10]
10000a70:	429a      	cmp	r2, r3
10000a72:	da30      	bge.n	10000ad6 <alarm_pool_cancel_alarm+0x6e>
10000a74:	6940      	ldr	r0, [r0, #20]
10000a76:	0053      	lsls	r3, r2, #1
10000a78:	189b      	adds	r3, r3, r2
10000a7a:	00db      	lsls	r3, r3, #3
10000a7c:	18c3      	adds	r3, r0, r3
10000a7e:	6922      	ldr	r2, [r4, #16]
10000a80:	4694      	mov	ip, r2
10000a82:	f3ef 8210 	mrs	r2, PRIMASK
10000a86:	b672      	cpsid	i
10000a88:	4660      	mov	r0, ip
10000a8a:	6800      	ldr	r0, [r0, #0]
10000a8c:	2800      	cmp	r0, #0
10000a8e:	d0fb      	beq.n	10000a88 <alarm_pool_cancel_alarm+0x20>
10000a90:	f3bf 8f5f 	dmb	sy
10000a94:	8858      	ldrh	r0, [r3, #2]
10000a96:	b285      	uxth	r5, r0
10000a98:	0409      	lsls	r1, r1, #16
10000a9a:	0c09      	lsrs	r1, r1, #16
10000a9c:	4288      	cmp	r0, r1
10000a9e:	d012      	beq.n	10000ac6 <alarm_pool_cancel_alarm+0x5e>
10000aa0:	2000      	movs	r0, #0
10000aa2:	6923      	ldr	r3, [r4, #16]
10000aa4:	f3bf 8f5f 	dmb	sy
10000aa8:	2100      	movs	r1, #0
10000aaa:	6019      	str	r1, [r3, #0]
10000aac:	f382 8810 	msr	PRIMASK, r2
10000ab0:	2800      	cmp	r0, #0
10000ab2:	d011      	beq.n	10000ad8 <alarm_pool_cancel_alarm+0x70>
10000ab4:	68e3      	ldr	r3, [r4, #12]
10000ab6:	7821      	ldrb	r1, [r4, #0]
10000ab8:	2201      	movs	r2, #1
10000aba:	408a      	lsls	r2, r1
10000abc:	4907      	ldr	r1, [pc, #28]	@ (10000adc <alarm_pool_cancel_alarm+0x74>)
10000abe:	468c      	mov	ip, r1
10000ac0:	4463      	add	r3, ip
10000ac2:	601a      	str	r2, [r3, #0]
10000ac4:	e008      	b.n	10000ad8 <alarm_pool_cancel_alarm+0x70>
10000ac6:	4906      	ldr	r1, [pc, #24]	@ (10000ae0 <alarm_pool_cancel_alarm+0x78>)
10000ac8:	4329      	orrs	r1, r5
10000aca:	b289      	uxth	r1, r1
10000acc:	8059      	strh	r1, [r3, #2]
10000ace:	2301      	movs	r3, #1
10000ad0:	71a3      	strb	r3, [r4, #6]
10000ad2:	2001      	movs	r0, #1
10000ad4:	e7e5      	b.n	10000aa2 <alarm_pool_cancel_alarm+0x3a>
10000ad6:	2000      	movs	r0, #0
10000ad8:	bd30      	pop	{r4, r5, pc}
10000ada:	46c0      	nop			@ (mov r8, r8)
10000adc:	0000203c 	.word	0x0000203c
10000ae0:	ffff8000 	.word	0xffff8000

10000ae4 <cancel_alarm>:
10000ae4:	b510      	push	{r4, lr}
10000ae6:	0004      	movs	r4, r0
10000ae8:	f7ff ff20 	bl	1000092c <alarm_pool_get_default>
10000aec:	0021      	movs	r1, r4
10000aee:	f7ff ffbb 	bl	10000a68 <alarm_pool_cancel_alarm>
10000af2:	bd10      	pop	{r4, pc}

10000af4 <sleep_until>:
10000af4:	b5f0      	push	{r4, r5, r6, r7, lr}
10000af6:	b083      	sub	sp, #12
10000af8:	0006      	movs	r6, r0
10000afa:	000f      	movs	r7, r1
10000afc:	f3ef 8305 	mrs	r3, IPSR
10000b00:	2b00      	cmp	r3, #0
10000b02:	d11a      	bne.n	10000b3a <sleep_until+0x46>
10000b04:	2406      	movs	r4, #6
10000b06:	4264      	negs	r4, r4
10000b08:	17e5      	asrs	r5, r4, #31
10000b0a:	19a4      	adds	r4, r4, r6
10000b0c:	417d      	adcs	r5, r7
10000b0e:	428d      	cmp	r5, r1
10000b10:	d802      	bhi.n	10000b18 <sleep_until+0x24>
10000b12:	d103      	bne.n	10000b1c <sleep_until+0x28>
10000b14:	4284      	cmp	r4, r0
10000b16:	d901      	bls.n	10000b1c <sleep_until+0x28>
10000b18:	2400      	movs	r4, #0
10000b1a:	2500      	movs	r5, #0
10000b1c:	f000 f942 	bl	10000da4 <time_us_64>
10000b20:	0022      	movs	r2, r4
10000b22:	002b      	movs	r3, r5
10000b24:	1a12      	subs	r2, r2, r0
10000b26:	418b      	sbcs	r3, r1
10000b28:	2b00      	cmp	r3, #0
10000b2a:	dc0b      	bgt.n	10000b44 <sleep_until+0x50>
10000b2c:	d008      	beq.n	10000b40 <sleep_until+0x4c>
10000b2e:	0030      	movs	r0, r6
10000b30:	0039      	movs	r1, r7
10000b32:	f000 f93f 	bl	10000db4 <busy_wait_until>
10000b36:	b003      	add	sp, #12
10000b38:	bdf0      	pop	{r4, r5, r6, r7, pc}
10000b3a:	4816      	ldr	r0, [pc, #88]	@ (10000b94 <sleep_until+0xa0>)
10000b3c:	f7ff fbde 	bl	100002fc <panic>
10000b40:	2a00      	cmp	r2, #0
10000b42:	d0f4      	beq.n	10000b2e <sleep_until+0x3a>
10000b44:	4a14      	ldr	r2, [pc, #80]	@ (10000b98 <sleep_until+0xa4>)
10000b46:	2300      	movs	r3, #0
10000b48:	9300      	str	r3, [sp, #0]
10000b4a:	0020      	movs	r0, r4
10000b4c:	0029      	movs	r1, r5
10000b4e:	f7ff ff73 	bl	10000a38 <add_alarm_at>
10000b52:	2800      	cmp	r0, #0
10000b54:	da13      	bge.n	10000b7e <sleep_until+0x8a>
10000b56:	e7ea      	b.n	10000b2e <sleep_until+0x3a>
10000b58:	4b10      	ldr	r3, [pc, #64]	@ (10000b9c <sleep_until+0xa8>)
10000b5a:	6819      	ldr	r1, [r3, #0]
10000b5c:	f3ef 8310 	mrs	r3, PRIMASK
10000b60:	b672      	cpsid	i
10000b62:	680a      	ldr	r2, [r1, #0]
10000b64:	2a00      	cmp	r2, #0
10000b66:	d0fc      	beq.n	10000b62 <sleep_until+0x6e>
10000b68:	f3bf 8f5f 	dmb	sy
10000b6c:	4a0b      	ldr	r2, [pc, #44]	@ (10000b9c <sleep_until+0xa8>)
10000b6e:	6812      	ldr	r2, [r2, #0]
10000b70:	f3bf 8f5f 	dmb	sy
10000b74:	2100      	movs	r1, #0
10000b76:	6011      	str	r1, [r2, #0]
10000b78:	f383 8810 	msr	PRIMASK, r3
10000b7c:	bf20      	wfe
10000b7e:	4b08      	ldr	r3, [pc, #32]	@ (10000ba0 <sleep_until+0xac>)
10000b80:	6a5b      	ldr	r3, [r3, #36]	@ 0x24
10000b82:	429d      	cmp	r5, r3
10000b84:	d8e8      	bhi.n	10000b58 <sleep_until+0x64>
10000b86:	4906      	ldr	r1, [pc, #24]	@ (10000ba0 <sleep_until+0xac>)
10000b88:	6a89      	ldr	r1, [r1, #40]	@ 0x28
10000b8a:	42a1      	cmp	r1, r4
10000b8c:	d2cf      	bcs.n	10000b2e <sleep_until+0x3a>
10000b8e:	429d      	cmp	r5, r3
10000b90:	d1cd      	bne.n	10000b2e <sleep_until+0x3a>
10000b92:	e7e1      	b.n	10000b58 <sleep_until+0x64>
10000b94:	10003834 	.word	0x10003834
10000b98:	10000575 	.word	0x10000575
10000b9c:	20000650 	.word	0x20000650
10000ba0:	40054000 	.word	0x40054000

10000ba4 <sleep_us>:
10000ba4:	b570      	push	{r4, r5, r6, lr}
10000ba6:	0004      	movs	r4, r0
10000ba8:	000d      	movs	r5, r1
10000baa:	f000 f8fb 	bl	10000da4 <time_us_64>
10000bae:	0022      	movs	r2, r4
10000bb0:	002b      	movs	r3, r5
10000bb2:	1812      	adds	r2, r2, r0
10000bb4:	414b      	adcs	r3, r1
10000bb6:	0010      	movs	r0, r2
10000bb8:	1e19      	subs	r1, r3, #0
10000bba:	db02      	blt.n	10000bc2 <sleep_us+0x1e>
10000bbc:	f7ff ff9a 	bl	10000af4 <sleep_until>
10000bc0:	bd70      	pop	{r4, r5, r6, pc}
10000bc2:	2001      	movs	r0, #1
10000bc4:	4240      	negs	r0, r0
10000bc6:	4901      	ldr	r1, [pc, #4]	@ (10000bcc <sleep_us+0x28>)
10000bc8:	e7f8      	b.n	10000bbc <sleep_us+0x18>
10000bca:	46c0      	nop			@ (mov r8, r8)
10000bcc:	7fffffff 	.word	0x7fffffff

10000bd0 <sleep_ms>:
10000bd0:	b510      	push	{r4, lr}
10000bd2:	22fa      	movs	r2, #250	@ 0xfa
10000bd4:	0092      	lsls	r2, r2, #2
10000bd6:	2300      	movs	r3, #0
10000bd8:	2100      	movs	r1, #0
10000bda:	f001 f9b7 	bl	10001f4c <__wrap___aeabi_lmul>
10000bde:	f7ff ffe1 	bl	10000ba4 <sleep_us>
10000be2:	bd10      	pop	{r4, pc}

10000be4 <best_effort_wfe_or_timeout>:
10000be4:	b5f0      	push	{r4, r5, r6, r7, lr}
10000be6:	46c6      	mov	lr, r8
10000be8:	b500      	push	{lr}
10000bea:	b084      	sub	sp, #16
10000bec:	4680      	mov	r8, r0
10000bee:	9103      	str	r1, [sp, #12]
10000bf0:	f3ef 8305 	mrs	r3, IPSR
10000bf4:	2b00      	cmp	r3, #0
10000bf6:	d12b      	bne.n	10000c50 <best_effort_wfe_or_timeout+0x6c>
10000bf8:	4b47      	ldr	r3, [pc, #284]	@ (10000d18 <best_effort_wfe_or_timeout+0x134>)
10000bfa:	681a      	ldr	r2, [r3, #0]
10000bfc:	685b      	ldr	r3, [r3, #4]
10000bfe:	4282      	cmp	r2, r0
10000c00:	d039      	beq.n	10000c76 <best_effort_wfe_or_timeout+0x92>
10000c02:	f7ff fe93 	bl	1000092c <alarm_pool_get_default>
10000c06:	68c3      	ldr	r3, [r0, #12]
10000c08:	001f      	movs	r7, r3
10000c0a:	7806      	ldrb	r6, [r0, #0]
10000c0c:	4642      	mov	r2, r8
10000c0e:	0014      	movs	r4, r2
10000c10:	9a03      	ldr	r2, [sp, #12]
10000c12:	0015      	movs	r5, r2
10000c14:	0018      	movs	r0, r3
10000c16:	f000 f8af 	bl	10000d78 <timer_time_us_64>
10000c1a:	0002      	movs	r2, r0
10000c1c:	000b      	movs	r3, r1
10000c1e:	1aa4      	subs	r4, r4, r2
10000c20:	419d      	sbcs	r5, r3
10000c22:	0022      	movs	r2, r4
10000c24:	1d31      	adds	r1, r6, #4
10000c26:	0089      	lsls	r1, r1, #2
10000c28:	59c9      	ldr	r1, [r1, r7]
10000c2a:	1a09      	subs	r1, r1, r0
10000c2c:	2000      	movs	r0, #0
10000c2e:	42a8      	cmp	r0, r5
10000c30:	dc27      	bgt.n	10000c82 <best_effort_wfe_or_timeout+0x9e>
10000c32:	d024      	beq.n	10000c7e <best_effort_wfe_or_timeout+0x9a>
10000c34:	bf20      	wfe
10000c36:	9a03      	ldr	r2, [sp, #12]
10000c38:	4b38      	ldr	r3, [pc, #224]	@ (10000d1c <best_effort_wfe_or_timeout+0x138>)
10000c3a:	6a5b      	ldr	r3, [r3, #36]	@ 0x24
10000c3c:	429a      	cmp	r2, r3
10000c3e:	d84b      	bhi.n	10000cd8 <best_effort_wfe_or_timeout+0xf4>
10000c40:	4936      	ldr	r1, [pc, #216]	@ (10000d1c <best_effort_wfe_or_timeout+0x138>)
10000c42:	6a89      	ldr	r1, [r1, #40]	@ 0x28
10000c44:	4541      	cmp	r1, r8
10000c46:	d24c      	bcs.n	10000ce2 <best_effort_wfe_or_timeout+0xfe>
10000c48:	429a      	cmp	r2, r3
10000c4a:	d043      	beq.n	10000cd4 <best_effort_wfe_or_timeout+0xf0>
10000c4c:	2001      	movs	r0, #1
10000c4e:	e044      	b.n	10000cda <best_effort_wfe_or_timeout+0xf6>
10000c50:	000b      	movs	r3, r1
10000c52:	4a32      	ldr	r2, [pc, #200]	@ (10000d1c <best_effort_wfe_or_timeout+0x138>)
10000c54:	6a52      	ldr	r2, [r2, #36]	@ 0x24
10000c56:	428a      	cmp	r2, r1
10000c58:	d309      	bcc.n	10000c6e <best_effort_wfe_or_timeout+0x8a>
10000c5a:	4930      	ldr	r1, [pc, #192]	@ (10000d1c <best_effort_wfe_or_timeout+0x138>)
10000c5c:	6a89      	ldr	r1, [r1, #40]	@ 0x28
10000c5e:	4288      	cmp	r0, r1
10000c60:	d907      	bls.n	10000c72 <best_effort_wfe_or_timeout+0x8e>
10000c62:	429a      	cmp	r2, r3
10000c64:	d001      	beq.n	10000c6a <best_effort_wfe_or_timeout+0x86>
10000c66:	2001      	movs	r0, #1
10000c68:	e037      	b.n	10000cda <best_effort_wfe_or_timeout+0xf6>
10000c6a:	2000      	movs	r0, #0
10000c6c:	e035      	b.n	10000cda <best_effort_wfe_or_timeout+0xf6>
10000c6e:	2000      	movs	r0, #0
10000c70:	e033      	b.n	10000cda <best_effort_wfe_or_timeout+0xf6>
10000c72:	2001      	movs	r0, #1
10000c74:	e031      	b.n	10000cda <best_effort_wfe_or_timeout+0xf6>
10000c76:	9a03      	ldr	r2, [sp, #12]
10000c78:	4293      	cmp	r3, r2
10000c7a:	d1c2      	bne.n	10000c02 <best_effort_wfe_or_timeout+0x1e>
10000c7c:	e7da      	b.n	10000c34 <best_effort_wfe_or_timeout+0x50>
10000c7e:	4291      	cmp	r1, r2
10000c80:	d9d8      	bls.n	10000c34 <best_effort_wfe_or_timeout+0x50>
10000c82:	4a27      	ldr	r2, [pc, #156]	@ (10000d20 <best_effort_wfe_or_timeout+0x13c>)
10000c84:	2300      	movs	r3, #0
10000c86:	9300      	str	r3, [sp, #0]
10000c88:	4645      	mov	r5, r8
10000c8a:	0028      	movs	r0, r5
10000c8c:	9c03      	ldr	r4, [sp, #12]
10000c8e:	0021      	movs	r1, r4
10000c90:	f7ff fed2 	bl	10000a38 <add_alarm_at>
10000c94:	2800      	cmp	r0, #0
10000c96:	dd26      	ble.n	10000ce6 <best_effort_wfe_or_timeout+0x102>
10000c98:	4b1f      	ldr	r3, [pc, #124]	@ (10000d18 <best_effort_wfe_or_timeout+0x134>)
10000c9a:	601d      	str	r5, [r3, #0]
10000c9c:	9903      	ldr	r1, [sp, #12]
10000c9e:	6059      	str	r1, [r3, #4]
10000ca0:	000d      	movs	r5, r1
10000ca2:	4b1e      	ldr	r3, [pc, #120]	@ (10000d1c <best_effort_wfe_or_timeout+0x138>)
10000ca4:	6a5b      	ldr	r3, [r3, #36]	@ 0x24
10000ca6:	4299      	cmp	r1, r3
10000ca8:	d805      	bhi.n	10000cb6 <best_effort_wfe_or_timeout+0xd2>
10000caa:	4a1c      	ldr	r2, [pc, #112]	@ (10000d1c <best_effort_wfe_or_timeout+0x138>)
10000cac:	6a92      	ldr	r2, [r2, #40]	@ 0x28
10000cae:	4542      	cmp	r2, r8
10000cb0:	d202      	bcs.n	10000cb8 <best_effort_wfe_or_timeout+0xd4>
10000cb2:	4299      	cmp	r1, r3
10000cb4:	d100      	bne.n	10000cb8 <best_effort_wfe_or_timeout+0xd4>
10000cb6:	bf20      	wfe
10000cb8:	f7ff ff14 	bl	10000ae4 <cancel_alarm>
10000cbc:	4b17      	ldr	r3, [pc, #92]	@ (10000d1c <best_effort_wfe_or_timeout+0x138>)
10000cbe:	6a5b      	ldr	r3, [r3, #36]	@ 0x24
10000cc0:	429d      	cmp	r5, r3
10000cc2:	d824      	bhi.n	10000d0e <best_effort_wfe_or_timeout+0x12a>
10000cc4:	4a15      	ldr	r2, [pc, #84]	@ (10000d1c <best_effort_wfe_or_timeout+0x138>)
10000cc6:	6a92      	ldr	r2, [r2, #40]	@ 0x28
10000cc8:	4542      	cmp	r2, r8
10000cca:	d222      	bcs.n	10000d12 <best_effort_wfe_or_timeout+0x12e>
10000ccc:	429d      	cmp	r5, r3
10000cce:	d01c      	beq.n	10000d0a <best_effort_wfe_or_timeout+0x126>
10000cd0:	2001      	movs	r0, #1
10000cd2:	e002      	b.n	10000cda <best_effort_wfe_or_timeout+0xf6>
10000cd4:	2000      	movs	r0, #0
10000cd6:	e000      	b.n	10000cda <best_effort_wfe_or_timeout+0xf6>
10000cd8:	2000      	movs	r0, #0
10000cda:	b004      	add	sp, #16
10000cdc:	bc80      	pop	{r7}
10000cde:	46b8      	mov	r8, r7
10000ce0:	bdf0      	pop	{r4, r5, r6, r7, pc}
10000ce2:	2001      	movs	r0, #1
10000ce4:	e7f9      	b.n	10000cda <best_effort_wfe_or_timeout+0xf6>
10000ce6:	4b0d      	ldr	r3, [pc, #52]	@ (10000d1c <best_effort_wfe_or_timeout+0x138>)
10000ce8:	6a5b      	ldr	r3, [r3, #36]	@ 0x24
10000cea:	429c      	cmp	r4, r3
10000cec:	d809      	bhi.n	10000d02 <best_effort_wfe_or_timeout+0x11e>
10000cee:	490b      	ldr	r1, [pc, #44]	@ (10000d1c <best_effort_wfe_or_timeout+0x138>)
10000cf0:	6a89      	ldr	r1, [r1, #40]	@ 0x28
10000cf2:	4541      	cmp	r1, r8
10000cf4:	d207      	bcs.n	10000d06 <best_effort_wfe_or_timeout+0x122>
10000cf6:	429c      	cmp	r4, r3
10000cf8:	d001      	beq.n	10000cfe <best_effort_wfe_or_timeout+0x11a>
10000cfa:	2001      	movs	r0, #1
10000cfc:	e7ed      	b.n	10000cda <best_effort_wfe_or_timeout+0xf6>
10000cfe:	2000      	movs	r0, #0
10000d00:	e7eb      	b.n	10000cda <best_effort_wfe_or_timeout+0xf6>
10000d02:	2000      	movs	r0, #0
10000d04:	e7e9      	b.n	10000cda <best_effort_wfe_or_timeout+0xf6>
10000d06:	2001      	movs	r0, #1
10000d08:	e7e7      	b.n	10000cda <best_effort_wfe_or_timeout+0xf6>
10000d0a:	2000      	movs	r0, #0
10000d0c:	e7e5      	b.n	10000cda <best_effort_wfe_or_timeout+0xf6>
10000d0e:	2000      	movs	r0, #0
10000d10:	e7e3      	b.n	10000cda <best_effort_wfe_or_timeout+0xf6>
10000d12:	2001      	movs	r0, #1
10000d14:	e7e1      	b.n	10000cda <best_effort_wfe_or_timeout+0xf6>
10000d16:	46c0      	nop			@ (mov r8, r8)
10000d18:	20000238 	.word	0x20000238
10000d1c:	40054000 	.word	0x40054000
10000d20:	10000575 	.word	0x10000575

10000d24 <alarm_pool_get_default_timer>:
10000d24:	4800      	ldr	r0, [pc, #0]	@ (10000d28 <alarm_pool_get_default_timer+0x4>)
10000d26:	4770      	bx	lr
10000d28:	40054000 	.word	0x40054000

10000d2c <runtime_init_default_alarm_pool>:
10000d2c:	b510      	push	{r4, lr}
10000d2e:	4b0b      	ldr	r3, [pc, #44]	@ (10000d5c <runtime_init_default_alarm_pool+0x30>)
10000d30:	691b      	ldr	r3, [r3, #16]
10000d32:	2b00      	cmp	r3, #0
10000d34:	d004      	beq.n	10000d40 <runtime_init_default_alarm_pool+0x14>
10000d36:	480a      	ldr	r0, [pc, #40]	@ (10000d60 <runtime_init_default_alarm_pool+0x34>)
10000d38:	210a      	movs	r1, #10
10000d3a:	f7ff fbb9 	bl	100004b0 <lock_init>
10000d3e:	bd10      	pop	{r4, pc}
10000d40:	f7ff fff0 	bl	10000d24 <alarm_pool_get_default_timer>
10000d44:	0004      	movs	r4, r0
10000d46:	2103      	movs	r1, #3
10000d48:	f000 f80c 	bl	10000d64 <timer_hardware_alarm_claim>
10000d4c:	4803      	ldr	r0, [pc, #12]	@ (10000d5c <runtime_init_default_alarm_pool+0x30>)
10000d4e:	2310      	movs	r3, #16
10000d50:	2203      	movs	r2, #3
10000d52:	0021      	movs	r1, r4
10000d54:	f7ff fdb6 	bl	100008c4 <alarm_pool_post_alloc_init>
10000d58:	e7ed      	b.n	10000d36 <runtime_init_default_alarm_pool+0xa>
10000d5a:	46c0      	nop			@ (mov r8, r8)
10000d5c:	20000240 	.word	0x20000240
10000d60:	20000650 	.word	0x20000650

10000d64 <timer_hardware_alarm_claim>:
10000d64:	b510      	push	{r4, lr}
10000d66:	4a02      	ldr	r2, [pc, #8]	@ (10000d70 <timer_hardware_alarm_claim+0xc>)
10000d68:	4802      	ldr	r0, [pc, #8]	@ (10000d74 <timer_hardware_alarm_claim+0x10>)
10000d6a:	f7ff faf5 	bl	10000358 <hw_claim_or_assert>
10000d6e:	bd10      	pop	{r4, pc}
10000d70:	10003884 	.word	0x10003884
10000d74:	20000408 	.word	0x20000408

10000d78 <timer_time_us_64>:
10000d78:	0002      	movs	r2, r0
10000d7a:	6a43      	ldr	r3, [r0, #36]	@ 0x24
10000d7c:	6a90      	ldr	r0, [r2, #40]	@ 0x28
10000d7e:	0019      	movs	r1, r3
10000d80:	6a53      	ldr	r3, [r2, #36]	@ 0x24
10000d82:	4299      	cmp	r1, r3
10000d84:	d1fa      	bne.n	10000d7c <timer_time_us_64+0x4>
10000d86:	4770      	bx	lr

10000d88 <timer_busy_wait_until>:
10000d88:	6a41      	ldr	r1, [r0, #36]	@ 0x24
10000d8a:	e000      	b.n	10000d8e <timer_busy_wait_until+0x6>
10000d8c:	6a41      	ldr	r1, [r0, #36]	@ 0x24
10000d8e:	4299      	cmp	r1, r3
10000d90:	d3fc      	bcc.n	10000d8c <timer_busy_wait_until+0x4>
10000d92:	e000      	b.n	10000d96 <timer_busy_wait_until+0xe>
10000d94:	6a41      	ldr	r1, [r0, #36]	@ 0x24
10000d96:	4299      	cmp	r1, r3
10000d98:	d102      	bne.n	10000da0 <timer_busy_wait_until+0x18>
10000d9a:	6a81      	ldr	r1, [r0, #40]	@ 0x28
10000d9c:	4291      	cmp	r1, r2
10000d9e:	d3f9      	bcc.n	10000d94 <timer_busy_wait_until+0xc>
10000da0:	4770      	bx	lr
	...

10000da4 <time_us_64>:
10000da4:	b510      	push	{r4, lr}
10000da6:	4802      	ldr	r0, [pc, #8]	@ (10000db0 <time_us_64+0xc>)
10000da8:	f7ff ffe6 	bl	10000d78 <timer_time_us_64>
10000dac:	bd10      	pop	{r4, pc}
10000dae:	46c0      	nop			@ (mov r8, r8)
10000db0:	40054000 	.word	0x40054000

10000db4 <busy_wait_until>:
10000db4:	b510      	push	{r4, lr}
10000db6:	0002      	movs	r2, r0
10000db8:	000b      	movs	r3, r1
10000dba:	4802      	ldr	r0, [pc, #8]	@ (10000dc4 <busy_wait_until+0x10>)
10000dbc:	f7ff ffe4 	bl	10000d88 <timer_busy_wait_until>
10000dc0:	bd10      	pop	{r4, pc}
10000dc2:	46c0      	nop			@ (mov r8, r8)
10000dc4:	40054000 	.word	0x40054000

10000dc8 <clock_configure_internal>:
10000dc8:	b5f8      	push	{r3, r4, r5, r6, r7, lr}
10000dca:	46ce      	mov	lr, r9
10000dcc:	4647      	mov	r7, r8
10000dce:	b580      	push	{r7, lr}
10000dd0:	0005      	movs	r5, r0
10000dd2:	000e      	movs	r6, r1
10000dd4:	4690      	mov	r8, r2
10000dd6:	4699      	mov	r9, r3
10000dd8:	0044      	lsls	r4, r0, #1
10000dda:	1824      	adds	r4, r4, r0
10000ddc:	00a4      	lsls	r4, r4, #2
10000dde:	4b28      	ldr	r3, [pc, #160]	@ (10000e80 <clock_configure_internal+0xb8>)
10000de0:	469c      	mov	ip, r3
10000de2:	4464      	add	r4, ip
10000de4:	6863      	ldr	r3, [r4, #4]
10000de6:	9a08      	ldr	r2, [sp, #32]
10000de8:	4293      	cmp	r3, r2
10000dea:	d200      	bcs.n	10000dee <clock_configure_internal+0x26>
10000dec:	6062      	str	r2, [r4, #4]
10000dee:	1f2f      	subs	r7, r5, #4
10000df0:	b2ff      	uxtb	r7, r7
10000df2:	2f01      	cmp	r7, #1
10000df4:	d92e      	bls.n	10000e54 <clock_configure_internal+0x8c>
10000df6:	2280      	movs	r2, #128	@ 0x80
10000df8:	0112      	lsls	r2, r2, #4
10000dfa:	23c0      	movs	r3, #192	@ 0xc0
10000dfc:	019b      	lsls	r3, r3, #6
10000dfe:	18e3      	adds	r3, r4, r3
10000e00:	601a      	str	r2, [r3, #0]
10000e02:	4b20      	ldr	r3, [pc, #128]	@ (10000e84 <clock_configure_internal+0xbc>)
10000e04:	00aa      	lsls	r2, r5, #2
10000e06:	58d1      	ldr	r1, [r2, r3]
10000e08:	2900      	cmp	r1, #0
10000e0a:	d007      	beq.n	10000e1c <clock_configure_internal+0x54>
10000e0c:	6958      	ldr	r0, [r3, #20]
10000e0e:	f000 fa61 	bl	100012d4 <__wrap___aeabi_uidiv>
10000e12:	3001      	adds	r0, #1
10000e14:	0043      	lsls	r3, r0, #1
10000e16:	181b      	adds	r3, r3, r0
10000e18:	3b03      	subs	r3, #3
10000e1a:	d2fd      	bcs.n	10000e18 <clock_configure_internal+0x50>
10000e1c:	4643      	mov	r3, r8
10000e1e:	015b      	lsls	r3, r3, #5
10000e20:	6822      	ldr	r2, [r4, #0]
10000e22:	4053      	eors	r3, r2
10000e24:	22e0      	movs	r2, #224	@ 0xe0
10000e26:	4013      	ands	r3, r2
10000e28:	2280      	movs	r2, #128	@ 0x80
10000e2a:	0152      	lsls	r2, r2, #5
10000e2c:	18a2      	adds	r2, r4, r2
10000e2e:	6013      	str	r3, [r2, #0]
10000e30:	2f01      	cmp	r7, #1
10000e32:	d91a      	bls.n	10000e6a <clock_configure_internal+0xa2>
10000e34:	2380      	movs	r3, #128	@ 0x80
10000e36:	019b      	lsls	r3, r3, #6
10000e38:	18e3      	adds	r3, r4, r3
10000e3a:	2280      	movs	r2, #128	@ 0x80
10000e3c:	0112      	lsls	r2, r2, #4
10000e3e:	601a      	str	r2, [r3, #0]
10000e40:	9b08      	ldr	r3, [sp, #32]
10000e42:	6063      	str	r3, [r4, #4]
10000e44:	4b0f      	ldr	r3, [pc, #60]	@ (10000e84 <clock_configure_internal+0xbc>)
10000e46:	00ad      	lsls	r5, r5, #2
10000e48:	464a      	mov	r2, r9
10000e4a:	50ea      	str	r2, [r5, r3]
10000e4c:	bcc0      	pop	{r6, r7}
10000e4e:	46b9      	mov	r9, r7
10000e50:	46b0      	mov	r8, r6
10000e52:	bdf8      	pop	{r3, r4, r5, r6, r7, pc}
10000e54:	2e01      	cmp	r6, #1
10000e56:	d1ce      	bne.n	10000df6 <clock_configure_internal+0x2e>
10000e58:	2203      	movs	r2, #3
10000e5a:	23c0      	movs	r3, #192	@ 0xc0
10000e5c:	019b      	lsls	r3, r3, #6
10000e5e:	18e3      	adds	r3, r4, r3
10000e60:	601a      	str	r2, [r3, #0]
10000e62:	68a3      	ldr	r3, [r4, #8]
10000e64:	07db      	lsls	r3, r3, #31
10000e66:	d5fc      	bpl.n	10000e62 <clock_configure_internal+0x9a>
10000e68:	e7d8      	b.n	10000e1c <clock_configure_internal+0x54>
10000e6a:	6821      	ldr	r1, [r4, #0]
10000e6c:	4071      	eors	r1, r6
10000e6e:	2303      	movs	r3, #3
10000e70:	400b      	ands	r3, r1
10000e72:	6013      	str	r3, [r2, #0]
10000e74:	68a3      	ldr	r3, [r4, #8]
10000e76:	2201      	movs	r2, #1
10000e78:	40b2      	lsls	r2, r6
10000e7a:	421a      	tst	r2, r3
10000e7c:	d0fa      	beq.n	10000e74 <clock_configure_internal+0xac>
10000e7e:	e7d9      	b.n	10000e34 <clock_configure_internal+0x6c>
10000e80:	40008000 	.word	0x40008000
10000e84:	2000040c 	.word	0x2000040c

10000e88 <clock_configure_int_divider>:
10000e88:	b570      	push	{r4, r5, r6, lr}
10000e8a:	b082      	sub	sp, #8
10000e8c:	0006      	movs	r6, r0
10000e8e:	000d      	movs	r5, r1
10000e90:	0014      	movs	r4, r2
10000e92:	0018      	movs	r0, r3
10000e94:	9906      	ldr	r1, [sp, #24]
10000e96:	f000 fa1d 	bl	100012d4 <__wrap___aeabi_uidiv>
10000e9a:	0003      	movs	r3, r0
10000e9c:	9a06      	ldr	r2, [sp, #24]
10000e9e:	0211      	lsls	r1, r2, #8
10000ea0:	9100      	str	r1, [sp, #0]
10000ea2:	0022      	movs	r2, r4
10000ea4:	0029      	movs	r1, r5
10000ea6:	0030      	movs	r0, r6
10000ea8:	f7ff ff8e 	bl	10000dc8 <clock_configure_internal>
10000eac:	b002      	add	sp, #8
10000eae:	bd70      	pop	{r4, r5, r6, pc}

10000eb0 <clock_configure_undivided>:
10000eb0:	b510      	push	{r4, lr}
10000eb2:	b082      	sub	sp, #8
10000eb4:	2480      	movs	r4, #128	@ 0x80
10000eb6:	0064      	lsls	r4, r4, #1
10000eb8:	9400      	str	r4, [sp, #0]
10000eba:	f7ff ff85 	bl	10000dc8 <clock_configure_internal>
10000ebe:	b002      	add	sp, #8
10000ec0:	bd10      	pop	{r4, pc}
	...

10000ec4 <clock_get_hz>:
10000ec4:	4b01      	ldr	r3, [pc, #4]	@ (10000ecc <clock_get_hz+0x8>)
10000ec6:	0080      	lsls	r0, r0, #2
10000ec8:	58c0      	ldr	r0, [r0, r3]
10000eca:	4770      	bx	lr
10000ecc:	2000040c 	.word	0x2000040c

10000ed0 <pll_init>:
10000ed0:	b5f0      	push	{r4, r5, r6, r7, lr}
10000ed2:	46c6      	mov	lr, r8
10000ed4:	b500      	push	{lr}
10000ed6:	0004      	movs	r4, r0
10000ed8:	000e      	movs	r6, r1
10000eda:	0017      	movs	r7, r2
10000edc:	001d      	movs	r5, r3
10000ede:	4837      	ldr	r0, [pc, #220]	@ (10000fbc <pll_init+0xec>)
10000ee0:	f000 f9f8 	bl	100012d4 <__wrap___aeabi_uidiv>
10000ee4:	4680      	mov	r8, r0
10000ee6:	4b36      	ldr	r3, [pc, #216]	@ (10000fc0 <pll_init+0xf0>)
10000ee8:	18fa      	adds	r2, r7, r3
10000eea:	4b36      	ldr	r3, [pc, #216]	@ (10000fc4 <pll_init+0xf4>)
10000eec:	429a      	cmp	r2, r3
10000eee:	d839      	bhi.n	10000f64 <pll_init+0x94>
10000ef0:	0001      	movs	r1, r0
10000ef2:	0038      	movs	r0, r7
10000ef4:	f000 f9ee 	bl	100012d4 <__wrap___aeabi_uidiv>
10000ef8:	0002      	movs	r2, r0
10000efa:	3a10      	subs	r2, #16
10000efc:	2398      	movs	r3, #152	@ 0x98
10000efe:	005b      	lsls	r3, r3, #1
10000f00:	429a      	cmp	r2, r3
10000f02:	d835      	bhi.n	10000f70 <pll_init+0xa0>
10000f04:	1e6b      	subs	r3, r5, #1
10000f06:	2b06      	cmp	r3, #6
10000f08:	d838      	bhi.n	10000f7c <pll_init+0xac>
10000f0a:	9b06      	ldr	r3, [sp, #24]
10000f0c:	3b01      	subs	r3, #1
10000f0e:	2b06      	cmp	r3, #6
10000f10:	d834      	bhi.n	10000f7c <pll_init+0xac>
10000f12:	093f      	lsrs	r7, r7, #4
10000f14:	4547      	cmp	r7, r8
10000f16:	d337      	bcc.n	10000f88 <pll_init+0xb8>
10000f18:	042d      	lsls	r5, r5, #16
10000f1a:	9b06      	ldr	r3, [sp, #24]
10000f1c:	031b      	lsls	r3, r3, #12
10000f1e:	431d      	orrs	r5, r3
10000f20:	6823      	ldr	r3, [r4, #0]
10000f22:	2b00      	cmp	r3, #0
10000f24:	db36      	blt.n	10000f94 <pll_init+0xc4>
10000f26:	4b28      	ldr	r3, [pc, #160]	@ (10000fc8 <pll_init+0xf8>)
10000f28:	429c      	cmp	r4, r3
10000f2a:	d044      	beq.n	10000fb6 <pll_init+0xe6>
10000f2c:	220c      	movs	r2, #12
10000f2e:	2301      	movs	r3, #1
10000f30:	4093      	lsls	r3, r2
10000f32:	4a26      	ldr	r2, [pc, #152]	@ (10000fcc <pll_init+0xfc>)
10000f34:	6013      	str	r3, [r2, #0]
10000f36:	4a26      	ldr	r2, [pc, #152]	@ (10000fd0 <pll_init+0x100>)
10000f38:	6013      	str	r3, [r2, #0]
10000f3a:	4a26      	ldr	r2, [pc, #152]	@ (10000fd4 <pll_init+0x104>)
10000f3c:	6812      	ldr	r2, [r2, #0]
10000f3e:	0019      	movs	r1, r3
10000f40:	4391      	bics	r1, r2
10000f42:	1e0a      	subs	r2, r1, #0
10000f44:	d1f9      	bne.n	10000f3a <pll_init+0x6a>
10000f46:	6026      	str	r6, [r4, #0]
10000f48:	60a0      	str	r0, [r4, #8]
10000f4a:	4b23      	ldr	r3, [pc, #140]	@ (10000fd8 <pll_init+0x108>)
10000f4c:	18e3      	adds	r3, r4, r3
10000f4e:	3221      	adds	r2, #33	@ 0x21
10000f50:	601a      	str	r2, [r3, #0]
10000f52:	6822      	ldr	r2, [r4, #0]
10000f54:	2a00      	cmp	r2, #0
10000f56:	dafc      	bge.n	10000f52 <pll_init+0x82>
10000f58:	60e5      	str	r5, [r4, #12]
10000f5a:	2208      	movs	r2, #8
10000f5c:	601a      	str	r2, [r3, #0]
10000f5e:	bc80      	pop	{r7}
10000f60:	46b8      	mov	r8, r7
10000f62:	bdf0      	pop	{r4, r5, r6, r7, pc}
10000f64:	4b1d      	ldr	r3, [pc, #116]	@ (10000fdc <pll_init+0x10c>)
10000f66:	4a1e      	ldr	r2, [pc, #120]	@ (10000fe0 <pll_init+0x110>)
10000f68:	481e      	ldr	r0, [pc, #120]	@ (10000fe4 <pll_init+0x114>)
10000f6a:	2111      	movs	r1, #17
10000f6c:	f002 f9a8 	bl	100032c0 <__assert_func>
10000f70:	4b1d      	ldr	r3, [pc, #116]	@ (10000fe8 <pll_init+0x118>)
10000f72:	4a1b      	ldr	r2, [pc, #108]	@ (10000fe0 <pll_init+0x110>)
10000f74:	481b      	ldr	r0, [pc, #108]	@ (10000fe4 <pll_init+0x114>)
10000f76:	2119      	movs	r1, #25
10000f78:	f002 f9a2 	bl	100032c0 <__assert_func>
10000f7c:	4b1b      	ldr	r3, [pc, #108]	@ (10000fec <pll_init+0x11c>)
10000f7e:	4a18      	ldr	r2, [pc, #96]	@ (10000fe0 <pll_init+0x110>)
10000f80:	4818      	ldr	r0, [pc, #96]	@ (10000fe4 <pll_init+0x114>)
10000f82:	211c      	movs	r1, #28
10000f84:	f002 f99c 	bl	100032c0 <__assert_func>
10000f88:	4b19      	ldr	r3, [pc, #100]	@ (10000ff0 <pll_init+0x120>)
10000f8a:	4a15      	ldr	r2, [pc, #84]	@ (10000fe0 <pll_init+0x110>)
10000f8c:	4815      	ldr	r0, [pc, #84]	@ (10000fe4 <pll_init+0x114>)
10000f8e:	2123      	movs	r1, #35	@ 0x23
10000f90:	f002 f996 	bl	100032c0 <__assert_func>
10000f94:	6822      	ldr	r2, [r4, #0]
10000f96:	233f      	movs	r3, #63	@ 0x3f
10000f98:	4013      	ands	r3, r2
10000f9a:	42b3      	cmp	r3, r6
10000f9c:	d1c3      	bne.n	10000f26 <pll_init+0x56>
10000f9e:	68a3      	ldr	r3, [r4, #8]
10000fa0:	051b      	lsls	r3, r3, #20
10000fa2:	0d1b      	lsrs	r3, r3, #20
10000fa4:	4283      	cmp	r3, r0
10000fa6:	d1be      	bne.n	10000f26 <pll_init+0x56>
10000fa8:	68e3      	ldr	r3, [r4, #12]
10000faa:	22ee      	movs	r2, #238	@ 0xee
10000fac:	02d2      	lsls	r2, r2, #11
10000fae:	4013      	ands	r3, r2
10000fb0:	42ab      	cmp	r3, r5
10000fb2:	d1b8      	bne.n	10000f26 <pll_init+0x56>
10000fb4:	e7d3      	b.n	10000f5e <pll_init+0x8e>
10000fb6:	220d      	movs	r2, #13
10000fb8:	e7b9      	b.n	10000f2e <pll_init+0x5e>
10000fba:	46c0      	nop			@ (mov r8, r8)
10000fbc:	00b71b00 	.word	0x00b71b00
10000fc0:	d34be880 	.word	0xd34be880
10000fc4:	32a9f880 	.word	0x32a9f880
10000fc8:	4002c000 	.word	0x4002c000
10000fcc:	4000e000 	.word	0x4000e000
10000fd0:	4000f000 	.word	0x4000f000
10000fd4:	4000c008 	.word	0x4000c008
10000fd8:	00003004 	.word	0x00003004
10000fdc:	100038a8 	.word	0x100038a8
10000fe0:	10003bf4 	.word	0x10003bf4
10000fe4:	100038f8 	.word	0x100038f8
10000fe8:	10003938 	.word	0x10003938
10000fec:	10003954 	.word	0x10003954
10000ff0:	100039a0 	.word	0x100039a0

10000ff4 <tick_start>:
10000ff4:	2380      	movs	r3, #128	@ 0x80
10000ff6:	009b      	lsls	r3, r3, #2
10000ff8:	430b      	orrs	r3, r1
10000ffa:	4a01      	ldr	r2, [pc, #4]	@ (10001000 <tick_start+0xc>)
10000ffc:	62d3      	str	r3, [r2, #44]	@ 0x2c
10000ffe:	4770      	bx	lr
10001000:	40058000 	.word	0x40058000

10001004 <rom_func_lookup>:
10001004:	b510      	push	{r4, lr}
10001006:	0001      	movs	r1, r0
10001008:	2318      	movs	r3, #24
1000100a:	881b      	ldrh	r3, [r3, #0]
1000100c:	2214      	movs	r2, #20
1000100e:	8810      	ldrh	r0, [r2, #0]
10001010:	4798      	blx	r3
10001012:	bd10      	pop	{r4, pc}

10001014 <rom_data_lookup>:
10001014:	b510      	push	{r4, lr}
10001016:	0001      	movs	r1, r0
10001018:	2318      	movs	r3, #24
1000101a:	881b      	ldrh	r3, [r3, #0]
1000101c:	2216      	movs	r2, #22
1000101e:	8810      	ldrh	r0, [r2, #0]
10001020:	4798      	blx	r3
10001022:	bd10      	pop	{r4, pc}

10001024 <rom_funcs_lookup>:
10001024:	b5f0      	push	{r4, r5, r6, r7, lr}
10001026:	46c6      	mov	lr, r8
10001028:	b500      	push	{lr}
1000102a:	0007      	movs	r7, r0
1000102c:	000e      	movs	r6, r1
1000102e:	2500      	movs	r5, #0
10001030:	2301      	movs	r3, #1
10001032:	4698      	mov	r8, r3
10001034:	e000      	b.n	10001038 <rom_funcs_lookup+0x14>
10001036:	3501      	adds	r5, #1
10001038:	42b5      	cmp	r5, r6
1000103a:	d20a      	bcs.n	10001052 <rom_funcs_lookup+0x2e>
1000103c:	00ac      	lsls	r4, r5, #2
1000103e:	193c      	adds	r4, r7, r4
10001040:	6820      	ldr	r0, [r4, #0]
10001042:	f7ff ffdf 	bl	10001004 <rom_func_lookup>
10001046:	6020      	str	r0, [r4, #0]
10001048:	2800      	cmp	r0, #0
1000104a:	d1f4      	bne.n	10001036 <rom_funcs_lookup+0x12>
1000104c:	2300      	movs	r3, #0
1000104e:	4698      	mov	r8, r3
10001050:	e7f1      	b.n	10001036 <rom_funcs_lookup+0x12>
10001052:	4640      	mov	r0, r8
10001054:	bc80      	pop	{r7}
10001056:	46b8      	mov	r8, r7
10001058:	bdf0      	pop	{r4, r5, r6, r7, pc}
	...

1000105c <xosc_init>:
1000105c:	4b07      	ldr	r3, [pc, #28]	@ (1000107c <xosc_init+0x20>)
1000105e:	22aa      	movs	r2, #170	@ 0xaa
10001060:	0112      	lsls	r2, r2, #4
10001062:	601a      	str	r2, [r3, #0]
10001064:	228d      	movs	r2, #141	@ 0x8d
10001066:	0052      	lsls	r2, r2, #1
10001068:	60da      	str	r2, [r3, #12]
1000106a:	4b05      	ldr	r3, [pc, #20]	@ (10001080 <xosc_init+0x24>)
1000106c:	4a05      	ldr	r2, [pc, #20]	@ (10001084 <xosc_init+0x28>)
1000106e:	601a      	str	r2, [r3, #0]
10001070:	4b02      	ldr	r3, [pc, #8]	@ (1000107c <xosc_init+0x20>)
10001072:	685b      	ldr	r3, [r3, #4]
10001074:	2b00      	cmp	r3, #0
10001076:	dafb      	bge.n	10001070 <xosc_init+0x14>
10001078:	4770      	bx	lr
1000107a:	46c0      	nop			@ (mov r8, r8)
1000107c:	40024000 	.word	0x40024000
10001080:	40026000 	.word	0x40026000
10001084:	00fab000 	.word	0x00fab000

10001088 <runtime_run_initializers_from>:
10001088:	b510      	push	{r4, lr}
1000108a:	0004      	movs	r4, r0
1000108c:	e001      	b.n	10001092 <runtime_run_initializers_from+0xa>
1000108e:	cc08      	ldmia	r4!, {r3}
10001090:	4798      	blx	r3
10001092:	4b02      	ldr	r3, [pc, #8]	@ (1000109c <runtime_run_initializers_from+0x14>)
10001094:	429c      	cmp	r4, r3
10001096:	d3fa      	bcc.n	1000108e <runtime_run_initializers_from+0x6>
10001098:	bd10      	pop	{r4, pc}
1000109a:	46c0      	nop			@ (mov r8, r8)
1000109c:	10003654 	.word	0x10003654

100010a0 <first_per_core_initializer>:
100010a0:	4770      	bx	lr
	...

100010a4 <runtime_run_initializers>:
100010a4:	b510      	push	{r4, lr}
100010a6:	4802      	ldr	r0, [pc, #8]	@ (100010b0 <runtime_run_initializers+0xc>)
100010a8:	f7ff ffee 	bl	10001088 <runtime_run_initializers_from>
100010ac:	bd10      	pop	{r4, pc}
100010ae:	46c0      	nop			@ (mov r8, r8)
100010b0:	10003618 	.word	0x10003618

100010b4 <runtime_init_early_resets>:
100010b4:	4b05      	ldr	r3, [pc, #20]	@ (100010cc <runtime_init_early_resets+0x18>)
100010b6:	4a06      	ldr	r2, [pc, #24]	@ (100010d0 <runtime_init_early_resets+0x1c>)
100010b8:	601a      	str	r2, [r3, #0]
100010ba:	4b06      	ldr	r3, [pc, #24]	@ (100010d4 <runtime_init_early_resets+0x20>)
100010bc:	4a06      	ldr	r2, [pc, #24]	@ (100010d8 <runtime_init_early_resets+0x24>)
100010be:	601a      	str	r2, [r3, #0]
100010c0:	4b06      	ldr	r3, [pc, #24]	@ (100010dc <runtime_init_early_resets+0x28>)
100010c2:	681a      	ldr	r2, [r3, #0]
100010c4:	4b04      	ldr	r3, [pc, #16]	@ (100010d8 <runtime_init_early_resets+0x24>)
100010c6:	4393      	bics	r3, r2
100010c8:	d1fa      	bne.n	100010c0 <runtime_init_early_resets+0xc>
100010ca:	4770      	bx	lr
100010cc:	4000e000 	.word	0x4000e000
100010d0:	fefbcdbf 	.word	0xfefbcdbf
100010d4:	4000f000 	.word	0x4000f000
100010d8:	003c7ffe 	.word	0x003c7ffe
100010dc:	4000c008 	.word	0x4000c008

100010e0 <runtime_init_usb_power_down>:
100010e0:	4b04      	ldr	r3, [pc, #16]	@ (100010f4 <runtime_init_usb_power_down+0x14>)
100010e2:	6cdb      	ldr	r3, [r3, #76]	@ 0x4c
100010e4:	2b00      	cmp	r3, #0
100010e6:	d103      	bne.n	100010f0 <runtime_init_usb_power_down+0x10>
100010e8:	4b03      	ldr	r3, [pc, #12]	@ (100010f8 <runtime_init_usb_power_down+0x18>)
100010ea:	2280      	movs	r2, #128	@ 0x80
100010ec:	02d2      	lsls	r2, r2, #11
100010ee:	601a      	str	r2, [r3, #0]
100010f0:	4770      	bx	lr
100010f2:	46c0      	nop			@ (mov r8, r8)
100010f4:	50110000 	.word	0x50110000
100010f8:	5011204c 	.word	0x5011204c

100010fc <runtime_init_post_clock_resets>:
100010fc:	4b04      	ldr	r3, [pc, #16]	@ (10001110 <runtime_init_post_clock_resets+0x14>)
100010fe:	4a05      	ldr	r2, [pc, #20]	@ (10001114 <runtime_init_post_clock_resets+0x18>)
10001100:	601a      	str	r2, [r3, #0]
10001102:	4b05      	ldr	r3, [pc, #20]	@ (10001118 <runtime_init_post_clock_resets+0x1c>)
10001104:	681b      	ldr	r3, [r3, #0]
10001106:	43db      	mvns	r3, r3
10001108:	01db      	lsls	r3, r3, #7
1000110a:	d1fa      	bne.n	10001102 <runtime_init_post_clock_resets+0x6>
1000110c:	4770      	bx	lr
1000110e:	46c0      	nop			@ (mov r8, r8)
10001110:	4000f000 	.word	0x4000f000
10001114:	01ffffff 	.word	0x01ffffff
10001118:	4000c008 	.word	0x4000c008

1000111c <runtime_init_rp2040_gpio_ie_disable>:
1000111c:	4b03      	ldr	r3, [pc, #12]	@ (1000112c <runtime_init_rp2040_gpio_ie_disable+0x10>)
1000111e:	2240      	movs	r2, #64	@ 0x40
10001120:	679a      	str	r2, [r3, #120]	@ 0x78
10001122:	675a      	str	r2, [r3, #116]	@ 0x74
10001124:	671a      	str	r2, [r3, #112]	@ 0x70
10001126:	66da      	str	r2, [r3, #108]	@ 0x6c
10001128:	4770      	bx	lr
1000112a:	46c0      	nop			@ (mov r8, r8)
1000112c:	4001f000 	.word	0x4001f000

10001130 <runtime_init_spin_locks_reset>:
10001130:	b510      	push	{r4, lr}
10001132:	f7ff f93b 	bl	100003ac <spin_locks_reset>
10001136:	bd10      	pop	{r4, pc}

10001138 <runtime_init_install_ram_vector_table>:
10001138:	b510      	push	{r4, lr}
1000113a:	4c0c      	ldr	r4, [pc, #48]	@ (1000116c <runtime_init_install_ram_vector_table+0x34>)
1000113c:	4b0c      	ldr	r3, [pc, #48]	@ (10001170 <runtime_init_install_ram_vector_table+0x38>)
1000113e:	1ae4      	subs	r4, r4, r3
10001140:	08a4      	lsrs	r4, r4, #2
10001142:	0022      	movs	r2, r4
10001144:	2c30      	cmp	r4, #48	@ 0x30
10001146:	d900      	bls.n	1000114a <runtime_init_install_ram_vector_table+0x12>
10001148:	2230      	movs	r2, #48	@ 0x30
1000114a:	0092      	lsls	r2, r2, #2
1000114c:	4809      	ldr	r0, [pc, #36]	@ (10001174 <runtime_init_install_ram_vector_table+0x3c>)
1000114e:	4908      	ldr	r1, [pc, #32]	@ (10001170 <runtime_init_install_ram_vector_table+0x38>)
10001150:	f000 ffb6 	bl	100020c0 <__wrap___aeabi_memcpy>
10001154:	e004      	b.n	10001160 <runtime_init_install_ram_vector_table+0x28>
10001156:	4a08      	ldr	r2, [pc, #32]	@ (10001178 <runtime_init_install_ram_vector_table+0x40>)
10001158:	4b06      	ldr	r3, [pc, #24]	@ (10001174 <runtime_init_install_ram_vector_table+0x3c>)
1000115a:	00a1      	lsls	r1, r4, #2
1000115c:	50ca      	str	r2, [r1, r3]
1000115e:	3401      	adds	r4, #1
10001160:	2c2f      	cmp	r4, #47	@ 0x2f
10001162:	d9f8      	bls.n	10001156 <runtime_init_install_ram_vector_table+0x1e>
10001164:	4b03      	ldr	r3, [pc, #12]	@ (10001174 <runtime_init_install_ram_vector_table+0x3c>)
10001166:	4a05      	ldr	r2, [pc, #20]	@ (1000117c <runtime_init_install_ram_vector_table+0x44>)
10001168:	6093      	str	r3, [r2, #8]
1000116a:	bd10      	pop	{r4, pc}
1000116c:	100001c0 	.word	0x100001c0
10001170:	10000100 	.word	0x10000100
10001174:	20000000 	.word	0x20000000
10001178:	100001c1 	.word	0x100001c1
1000117c:	e000ed00 	.word	0xe000ed00

10001180 <start_all_ticks>:
10001180:	b570      	push	{r4, r5, r6, lr}
10001182:	2004      	movs	r0, #4
10001184:	f7ff fe9e 	bl	10000ec4 <clock_get_hz>
10001188:	4906      	ldr	r1, [pc, #24]	@ (100011a4 <start_all_ticks+0x24>)
1000118a:	f000 f8a3 	bl	100012d4 <__wrap___aeabi_uidiv>
1000118e:	0005      	movs	r5, r0
10001190:	2400      	movs	r4, #0
10001192:	2c00      	cmp	r4, #0
10001194:	dd00      	ble.n	10001198 <start_all_ticks+0x18>
10001196:	bd70      	pop	{r4, r5, r6, pc}
10001198:	b2e0      	uxtb	r0, r4
1000119a:	0029      	movs	r1, r5
1000119c:	f7ff ff2a 	bl	10000ff4 <tick_start>
100011a0:	3401      	adds	r4, #1
100011a2:	e7f6      	b.n	10001192 <start_all_ticks+0x12>
100011a4:	000f4240 	.word	0x000f4240

100011a8 <runtime_init_clocks>:
100011a8:	b530      	push	{r4, r5, lr}
100011aa:	b083      	sub	sp, #12
100011ac:	4b27      	ldr	r3, [pc, #156]	@ (1000124c <runtime_init_clocks+0xa4>)
100011ae:	2200      	movs	r2, #0
100011b0:	679a      	str	r2, [r3, #120]	@ 0x78
100011b2:	f7ff ff53 	bl	1000105c <xosc_init>
100011b6:	4b26      	ldr	r3, [pc, #152]	@ (10001250 <runtime_init_clocks+0xa8>)
100011b8:	2201      	movs	r2, #1
100011ba:	601a      	str	r2, [r3, #0]
100011bc:	4b23      	ldr	r3, [pc, #140]	@ (1000124c <runtime_init_clocks+0xa4>)
100011be:	6c5b      	ldr	r3, [r3, #68]	@ 0x44
100011c0:	2b01      	cmp	r3, #1
100011c2:	d1fb      	bne.n	100011bc <runtime_init_clocks+0x14>
100011c4:	4b23      	ldr	r3, [pc, #140]	@ (10001254 <runtime_init_clocks+0xac>)
100011c6:	2203      	movs	r2, #3
100011c8:	601a      	str	r2, [r3, #0]
100011ca:	4b20      	ldr	r3, [pc, #128]	@ (1000124c <runtime_init_clocks+0xa4>)
100011cc:	6b9b      	ldr	r3, [r3, #56]	@ 0x38
100011ce:	2b01      	cmp	r3, #1
100011d0:	d1fb      	bne.n	100011ca <runtime_init_clocks+0x22>
100011d2:	3301      	adds	r3, #1
100011d4:	9300      	str	r3, [sp, #0]
100011d6:	3304      	adds	r3, #4
100011d8:	4a1f      	ldr	r2, [pc, #124]	@ (10001258 <runtime_init_clocks+0xb0>)
100011da:	2101      	movs	r1, #1
100011dc:	481f      	ldr	r0, [pc, #124]	@ (1000125c <runtime_init_clocks+0xb4>)
100011de:	f7ff fe77 	bl	10000ed0 <pll_init>
100011e2:	2305      	movs	r3, #5
100011e4:	9300      	str	r3, [sp, #0]
100011e6:	4a1e      	ldr	r2, [pc, #120]	@ (10001260 <runtime_init_clocks+0xb8>)
100011e8:	2101      	movs	r1, #1
100011ea:	481e      	ldr	r0, [pc, #120]	@ (10001264 <runtime_init_clocks+0xbc>)
100011ec:	f7ff fe70 	bl	10000ed0 <pll_init>
100011f0:	4b1d      	ldr	r3, [pc, #116]	@ (10001268 <runtime_init_clocks+0xc0>)
100011f2:	2200      	movs	r2, #0
100011f4:	2102      	movs	r1, #2
100011f6:	2004      	movs	r0, #4
100011f8:	f7ff fe5a 	bl	10000eb0 <clock_configure_undivided>
100011fc:	4d1b      	ldr	r5, [pc, #108]	@ (1000126c <runtime_init_clocks+0xc4>)
100011fe:	002b      	movs	r3, r5
10001200:	2200      	movs	r2, #0
10001202:	2101      	movs	r1, #1
10001204:	2005      	movs	r0, #5
10001206:	f7ff fe53 	bl	10000eb0 <clock_configure_undivided>
1000120a:	4c19      	ldr	r4, [pc, #100]	@ (10001270 <runtime_init_clocks+0xc8>)
1000120c:	0023      	movs	r3, r4
1000120e:	2200      	movs	r2, #0
10001210:	2100      	movs	r1, #0
10001212:	2007      	movs	r0, #7
10001214:	f7ff fe4c 	bl	10000eb0 <clock_configure_undivided>
10001218:	0023      	movs	r3, r4
1000121a:	2200      	movs	r2, #0
1000121c:	2100      	movs	r1, #0
1000121e:	2008      	movs	r0, #8
10001220:	f7ff fe46 	bl	10000eb0 <clock_configure_undivided>
10001224:	2380      	movs	r3, #128	@ 0x80
10001226:	00db      	lsls	r3, r3, #3
10001228:	9300      	str	r3, [sp, #0]
1000122a:	0023      	movs	r3, r4
1000122c:	2200      	movs	r2, #0
1000122e:	2100      	movs	r1, #0
10001230:	2009      	movs	r0, #9
10001232:	f7ff fe29 	bl	10000e88 <clock_configure_int_divider>
10001236:	002b      	movs	r3, r5
10001238:	2200      	movs	r2, #0
1000123a:	2100      	movs	r1, #0
1000123c:	2006      	movs	r0, #6
1000123e:	f7ff fe37 	bl	10000eb0 <clock_configure_undivided>
10001242:	f7ff ff9d 	bl	10001180 <start_all_ticks>
10001246:	b003      	add	sp, #12
10001248:	bd30      	pop	{r4, r5, pc}
1000124a:	46c0      	nop			@ (mov r8, r8)
1000124c:	40008000 	.word	0x40008000
10001250:	4000b03c 	.word	0x4000b03c
10001254:	4000b030 	.word	0x4000b030
10001258:	59682f00 	.word	0x59682f00
1000125c:	40028000 	.word	0x40028000
10001260:	47868c00 	.word	0x47868c00
10001264:	4002c000 	.word	0x4002c000
10001268:	00b71b00 	.word	0x00b71b00
1000126c:	07735940 	.word	0x07735940
10001270:	02dc6c00 	.word	0x02dc6c00

10001274 <__aeabi_bits_init>:
10001274:	4801      	ldr	r0, [pc, #4]	@ (1000127c <__aeabi_bits_init+0x8>)
10001276:	2104      	movs	r1, #4
10001278:	4b01      	ldr	r3, [pc, #4]	@ (10001280 <__aeabi_bits_init+0xc>)
1000127a:	4718      	bx	r3
1000127c:	20000260 	.word	0x20000260
10001280:	10001025 	.word	0x10001025

10001284 <__wrap___aeabi_idiv>:
10001284:	4a12      	ldr	r2, [pc, #72]	@ (100012d0 <divmod_s32s32_savestate+0x18>)
10001286:	6f93      	ldr	r3, [r2, #120]	@ 0x78
10001288:	089b      	lsrs	r3, r3, #2
1000128a:	d215      	bcs.n	100012b8 <divmod_s32s32_savestate>

1000128c <divmod_s32s32_core>:
1000128c:	6690      	str	r0, [r2, #104]	@ 0x68
1000128e:	66d1      	str	r1, [r2, #108]	@ 0x6c
10001290:	2900      	cmp	r1, #0
10001292:	d005      	beq.n	100012a0 <divmod_s32s32_core+0x14>
10001294:	e7ff      	b.n	10001296 <divmod_s32s32_core+0xa>
10001296:	e7ff      	b.n	10001298 <divmod_s32s32_core+0xc>
10001298:	e7ff      	b.n	1000129a <divmod_s32s32_core+0xe>
1000129a:	6f51      	ldr	r1, [r2, #116]	@ 0x74
1000129c:	6f10      	ldr	r0, [r2, #112]	@ 0x70
1000129e:	4770      	bx	lr
100012a0:	b504      	push	{r2, lr}
100012a2:	2180      	movs	r1, #128	@ 0x80
100012a4:	0609      	lsls	r1, r1, #24
100012a6:	17c2      	asrs	r2, r0, #31
100012a8:	4051      	eors	r1, r2
100012aa:	2800      	cmp	r0, #0
100012ac:	d000      	beq.n	100012b0 <divmod_s32s32_core+0x24>
100012ae:	43c8      	mvns	r0, r1
100012b0:	f002 f9aa 	bl	10003608 <____aeabi_idiv0_veneer>
100012b4:	2100      	movs	r1, #0
100012b6:	bd04      	pop	{r2, pc}

100012b8 <divmod_s32s32_savestate>:
100012b8:	b5f0      	push	{r4, r5, r6, r7, lr}
100012ba:	6e14      	ldr	r4, [r2, #96]	@ 0x60
100012bc:	6e55      	ldr	r5, [r2, #100]	@ 0x64
100012be:	6f57      	ldr	r7, [r2, #116]	@ 0x74
100012c0:	6f16      	ldr	r6, [r2, #112]	@ 0x70
100012c2:	f7ff ffe3 	bl	1000128c <divmod_s32s32_core>
100012c6:	6614      	str	r4, [r2, #96]	@ 0x60
100012c8:	6655      	str	r5, [r2, #100]	@ 0x64
100012ca:	6757      	str	r7, [r2, #116]	@ 0x74
100012cc:	6716      	str	r6, [r2, #112]	@ 0x70
100012ce:	bdf0      	pop	{r4, r5, r6, r7, pc}
100012d0:	d0000000 	.word	0xd0000000

100012d4 <__wrap___aeabi_uidiv>:
100012d4:	4a11      	ldr	r2, [pc, #68]	@ (1000131c <divmod_u32u32_savestate+0x18>)
100012d6:	6f93      	ldr	r3, [r2, #120]	@ 0x78
100012d8:	089b      	lsrs	r3, r3, #2
100012da:	d213      	bcs.n	10001304 <divmod_u32u32_savestate>

100012dc <divmod_u32u32_core>:
100012dc:	6610      	str	r0, [r2, #96]	@ 0x60
100012de:	6651      	str	r1, [r2, #100]	@ 0x64
100012e0:	2900      	cmp	r1, #0
100012e2:	d005      	beq.n	100012f0 <divmod_u32u32_core+0x14>
100012e4:	e7ff      	b.n	100012e6 <divmod_u32u32_core+0xa>
100012e6:	e7ff      	b.n	100012e8 <divmod_u32u32_core+0xc>
100012e8:	e7ff      	b.n	100012ea <divmod_u32u32_core+0xe>
100012ea:	6f51      	ldr	r1, [r2, #116]	@ 0x74
100012ec:	6f10      	ldr	r0, [r2, #112]	@ 0x70
100012ee:	4770      	bx	lr
100012f0:	b504      	push	{r2, lr}
100012f2:	2800      	cmp	r0, #0
100012f4:	d001      	beq.n	100012fa <divmod_u32u32_core+0x1e>
100012f6:	2000      	movs	r0, #0
100012f8:	43c0      	mvns	r0, r0
100012fa:	f002 f985 	bl	10003608 <____aeabi_idiv0_veneer>
100012fe:	2100      	movs	r1, #0
10001300:	bd04      	pop	{r2, pc}
10001302:	46c0      	nop			@ (mov r8, r8)

10001304 <divmod_u32u32_savestate>:
10001304:	b5f0      	push	{r4, r5, r6, r7, lr}
10001306:	6e14      	ldr	r4, [r2, #96]	@ 0x60
10001308:	6e55      	ldr	r5, [r2, #100]	@ 0x64
1000130a:	6f57      	ldr	r7, [r2, #116]	@ 0x74
1000130c:	6f16      	ldr	r6, [r2, #112]	@ 0x70
1000130e:	f7ff ffe5 	bl	100012dc <divmod_u32u32_core>
10001312:	6614      	str	r4, [r2, #96]	@ 0x60
10001314:	6655      	str	r5, [r2, #100]	@ 0x64
10001316:	6757      	str	r7, [r2, #116]	@ 0x74
10001318:	6716      	str	r6, [r2, #112]	@ 0x70
1000131a:	bdf0      	pop	{r4, r5, r6, r7, pc}
1000131c:	d0000000 	.word	0xd0000000

10001320 <__wrap___aeabi_ldivmod>:
10001320:	4694      	mov	ip, r2
10001322:	4a4a      	ldr	r2, [pc, #296]	@ (1000144c <udiv0+0x1a>)
10001324:	6f92      	ldr	r2, [r2, #120]	@ 0x78
10001326:	0892      	lsrs	r2, r2, #2
10001328:	4662      	mov	r2, ip
1000132a:	d201      	bcs.n	10001330 <divmod_s64s64_savestate>
1000132c:	e028      	b.n	10001380 <divmod_s64s64_unsafe>
1000132e:	46c0      	nop			@ (mov r8, r8)

10001330 <divmod_s64s64_savestate>:
10001330:	b5f0      	push	{r4, r5, r6, r7, lr}
10001332:	4e46      	ldr	r6, [pc, #280]	@ (1000144c <udiv0+0x1a>)
10001334:	6e34      	ldr	r4, [r6, #96]	@ 0x60
10001336:	6e75      	ldr	r5, [r6, #100]	@ 0x64
10001338:	6f77      	ldr	r7, [r6, #116]	@ 0x74
1000133a:	6f36      	ldr	r6, [r6, #112]	@ 0x70
1000133c:	f000 f820 	bl	10001380 <divmod_s64s64_unsafe>
10001340:	4694      	mov	ip, r2
10001342:	4a42      	ldr	r2, [pc, #264]	@ (1000144c <udiv0+0x1a>)
10001344:	6614      	str	r4, [r2, #96]	@ 0x60
10001346:	6655      	str	r5, [r2, #100]	@ 0x64
10001348:	6757      	str	r7, [r2, #116]	@ 0x74
1000134a:	6716      	str	r6, [r2, #112]	@ 0x70
1000134c:	4662      	mov	r2, ip
1000134e:	bdf0      	pop	{r4, r5, r6, r7, pc}

10001350 <__wrap___aeabi_uldivmod>:
10001350:	4694      	mov	ip, r2
10001352:	4a3e      	ldr	r2, [pc, #248]	@ (1000144c <udiv0+0x1a>)
10001354:	6f92      	ldr	r2, [r2, #120]	@ 0x78
10001356:	0892      	lsrs	r2, r2, #2
10001358:	4662      	mov	r2, ip
1000135a:	d201      	bcs.n	10001360 <divmod_u64u64_savestate>
1000135c:	e054      	b.n	10001408 <divmod_u64u64_unsafe>
1000135e:	46c0      	nop			@ (mov r8, r8)

10001360 <divmod_u64u64_savestate>:
10001360:	b5f0      	push	{r4, r5, r6, r7, lr}
10001362:	4e3a      	ldr	r6, [pc, #232]	@ (1000144c <udiv0+0x1a>)
10001364:	6e34      	ldr	r4, [r6, #96]	@ 0x60
10001366:	6e75      	ldr	r5, [r6, #100]	@ 0x64
10001368:	6f77      	ldr	r7, [r6, #116]	@ 0x74
1000136a:	6f36      	ldr	r6, [r6, #112]	@ 0x70
1000136c:	f000 f84c 	bl	10001408 <divmod_u64u64_unsafe>
10001370:	4694      	mov	ip, r2
10001372:	4a36      	ldr	r2, [pc, #216]	@ (1000144c <udiv0+0x1a>)
10001374:	6614      	str	r4, [r2, #96]	@ 0x60
10001376:	6655      	str	r5, [r2, #100]	@ 0x64
10001378:	6757      	str	r7, [r2, #116]	@ 0x74
1000137a:	6716      	str	r6, [r2, #112]	@ 0x70
1000137c:	4662      	mov	r2, ip
1000137e:	bdf0      	pop	{r4, r5, r6, r7, pc}

10001380 <divmod_s64s64_unsafe>:
10001380:	2b00      	cmp	r3, #0
10001382:	db24      	blt.n	100013ce <l46_1+0x26>
10001384:	d011      	beq.n	100013aa <l46_1+0x2>
10001386:	2900      	cmp	r1, #0
10001388:	da3e      	bge.n	10001408 <divmod_u64u64_unsafe>
1000138a:	b500      	push	{lr}
1000138c:	43c9      	mvns	r1, r1
1000138e:	4240      	negs	r0, r0
10001390:	d100      	bne.n	10001394 <l44_1>
10001392:	3101      	adds	r1, #1

10001394 <l44_1>:
10001394:	f000 f838 	bl	10001408 <divmod_u64u64_unsafe>
10001398:	43c9      	mvns	r1, r1
1000139a:	4240      	negs	r0, r0
1000139c:	d100      	bne.n	100013a0 <l45_1>
1000139e:	3101      	adds	r1, #1

100013a0 <l45_1>:
100013a0:	43db      	mvns	r3, r3
100013a2:	4252      	negs	r2, r2
100013a4:	d100      	bne.n	100013a8 <l46_1>
100013a6:	3301      	adds	r3, #1

100013a8 <l46_1>:
100013a8:	bd00      	pop	{pc}
100013aa:	2a00      	cmp	r2, #0
100013ac:	d1eb      	bne.n	10001386 <divmod_s64s64_unsafe+0x6>
100013ae:	2800      	cmp	r0, #0
100013b0:	d101      	bne.n	100013b6 <l46_1+0xe>
100013b2:	2900      	cmp	r1, #0
100013b4:	d005      	beq.n	100013c2 <l46_1+0x1a>
100013b6:	2000      	movs	r0, #0
100013b8:	0fc9      	lsrs	r1, r1, #31
100013ba:	07c9      	lsls	r1, r1, #31
100013bc:	d101      	bne.n	100013c2 <l46_1+0x1a>
100013be:	43c0      	mvns	r0, r0
100013c0:	0841      	lsrs	r1, r0, #1
100013c2:	b500      	push	{lr}
100013c4:	f002 f910 	bl	100035e8 <____aeabi_ldiv0_veneer>
100013c8:	2200      	movs	r2, #0
100013ca:	2300      	movs	r3, #0
100013cc:	bd00      	pop	{pc}
100013ce:	b500      	push	{lr}
100013d0:	2900      	cmp	r1, #0
100013d2:	db0a      	blt.n	100013ea <l48_1+0x2>
100013d4:	43db      	mvns	r3, r3
100013d6:	4252      	negs	r2, r2
100013d8:	d100      	bne.n	100013dc <l47_1>
100013da:	3301      	adds	r3, #1

100013dc <l47_1>:
100013dc:	f000 f814 	bl	10001408 <divmod_u64u64_unsafe>
100013e0:	43c9      	mvns	r1, r1
100013e2:	4240      	negs	r0, r0
100013e4:	d100      	bne.n	100013e8 <l48_1>
100013e6:	3101      	adds	r1, #1

100013e8 <l48_1>:
100013e8:	bd00      	pop	{pc}
100013ea:	43c9      	mvns	r1, r1
100013ec:	4240      	negs	r0, r0
100013ee:	d100      	bne.n	100013f2 <l49_1>
100013f0:	3101      	adds	r1, #1

100013f2 <l49_1>:
100013f2:	43db      	mvns	r3, r3
100013f4:	4252      	negs	r2, r2
100013f6:	d100      	bne.n	100013fa <l50_1>
100013f8:	3301      	adds	r3, #1

100013fa <l50_1>:
100013fa:	f000 f805 	bl	10001408 <divmod_u64u64_unsafe>
100013fe:	43db      	mvns	r3, r3
10001400:	4252      	negs	r2, r2
10001402:	d100      	bne.n	10001406 <l51_1>
10001404:	3301      	adds	r3, #1

10001406 <l51_1>:
10001406:	bd00      	pop	{pc}

10001408 <divmod_u64u64_unsafe>:
10001408:	2900      	cmp	r1, #0
1000140a:	d123      	bne.n	10001454 <y64>
1000140c:	2b00      	cmp	r3, #0
1000140e:	d118      	bne.n	10001442 <udiv0+0x10>
10001410:	2a00      	cmp	r2, #0
10001412:	d00c      	beq.n	1000142e <divmod_u64u64_unsafe+0x26>
10001414:	46bc      	mov	ip, r7
10001416:	4f0d      	ldr	r7, [pc, #52]	@ (1000144c <udiv0+0x1a>)
10001418:	6638      	str	r0, [r7, #96]	@ 0x60
1000141a:	667a      	str	r2, [r7, #100]	@ 0x64
1000141c:	2100      	movs	r1, #0
1000141e:	2300      	movs	r3, #0
10001420:	e7ff      	b.n	10001422 <divmod_u64u64_unsafe+0x1a>
10001422:	e7ff      	b.n	10001424 <divmod_u64u64_unsafe+0x1c>
10001424:	e7ff      	b.n	10001426 <divmod_u64u64_unsafe+0x1e>
10001426:	6f7a      	ldr	r2, [r7, #116]	@ 0x74
10001428:	6f38      	ldr	r0, [r7, #112]	@ 0x70
1000142a:	4667      	mov	r7, ip
1000142c:	4770      	bx	lr
1000142e:	2800      	cmp	r0, #0
10001430:	d001      	beq.n	10001436 <udiv0+0x4>

10001432 <udiv0>:
10001432:	4807      	ldr	r0, [pc, #28]	@ (10001450 <udiv0+0x1e>)
10001434:	0001      	movs	r1, r0
10001436:	b500      	push	{lr}
10001438:	f002 f8d6 	bl	100035e8 <____aeabi_ldiv0_veneer>
1000143c:	2200      	movs	r2, #0
1000143e:	2300      	movs	r3, #0
10001440:	bd00      	pop	{pc}
10001442:	0002      	movs	r2, r0
10001444:	000b      	movs	r3, r1
10001446:	2000      	movs	r0, #0
10001448:	2100      	movs	r1, #0
1000144a:	4770      	bx	lr
1000144c:	d0000000 	.word	0xd0000000
10001450:	ffffffff 	.word	0xffffffff

10001454 <y64>:
10001454:	2b00      	cmp	r3, #0
10001456:	d000      	beq.n	1000145a <y64+0x6>
10001458:	e0bf      	b.n	100015da <y64_x48>
1000145a:	0c13      	lsrs	r3, r2, #16
1000145c:	d128      	bne.n	100014b0 <y64_x32>
1000145e:	2a00      	cmp	r2, #0
10001460:	d0e7      	beq.n	10001432 <udiv0>
10001462:	b480      	push	{r7}
10001464:	4f11      	ldr	r7, [pc, #68]	@ (100014ac <y64+0x58>)
10001466:	6639      	str	r1, [r7, #96]	@ 0x60
10001468:	667a      	str	r2, [r7, #100]	@ 0x64
1000146a:	e7ff      	b.n	1000146c <y64+0x18>
1000146c:	e7ff      	b.n	1000146e <y64+0x1a>
1000146e:	b430      	push	{r4, r5}
10001470:	0c04      	lsrs	r4, r0, #16
10001472:	6f7b      	ldr	r3, [r7, #116]	@ 0x74
10001474:	6f39      	ldr	r1, [r7, #112]	@ 0x70
10001476:	041b      	lsls	r3, r3, #16
10001478:	4323      	orrs	r3, r4
1000147a:	663b      	str	r3, [r7, #96]	@ 0x60
1000147c:	667a      	str	r2, [r7, #100]	@ 0x64
1000147e:	e7ff      	b.n	10001480 <y64+0x2c>
10001480:	e7ff      	b.n	10001482 <y64+0x2e>
10001482:	e7ff      	b.n	10001484 <y64+0x30>
10001484:	46c0      	nop			@ (mov r8, r8)
10001486:	b284      	uxth	r4, r0
10001488:	6f7b      	ldr	r3, [r7, #116]	@ 0x74
1000148a:	6f3d      	ldr	r5, [r7, #112]	@ 0x70
1000148c:	041b      	lsls	r3, r3, #16
1000148e:	4323      	orrs	r3, r4
10001490:	663b      	str	r3, [r7, #96]	@ 0x60
10001492:	667a      	str	r2, [r7, #100]	@ 0x64
10001494:	e7ff      	b.n	10001496 <y64+0x42>
10001496:	e7ff      	b.n	10001498 <y64+0x44>
10001498:	46c0      	nop			@ (mov r8, r8)
1000149a:	2300      	movs	r3, #0
1000149c:	042c      	lsls	r4, r5, #16
1000149e:	0c2d      	lsrs	r5, r5, #16
100014a0:	6f7a      	ldr	r2, [r7, #116]	@ 0x74
100014a2:	6f38      	ldr	r0, [r7, #112]	@ 0x70
100014a4:	1900      	adds	r0, r0, r4
100014a6:	4169      	adcs	r1, r5
100014a8:	bcb0      	pop	{r4, r5, r7}
100014aa:	4770      	bx	lr
100014ac:	d0000000 	.word	0xd0000000

100014b0 <y64_x32>:
100014b0:	b5f0      	push	{r4, r5, r6, r7, lr}
100014b2:	4694      	mov	ip, r2
100014b4:	2500      	movs	r5, #0
100014b6:	0e14      	lsrs	r4, r2, #24
100014b8:	d101      	bne.n	100014be <y64_x32+0xe>
100014ba:	0212      	lsls	r2, r2, #8
100014bc:	3508      	adds	r5, #8
100014be:	0f14      	lsrs	r4, r2, #28
100014c0:	d101      	bne.n	100014c6 <y64_x32+0x16>
100014c2:	0112      	lsls	r2, r2, #4
100014c4:	3504      	adds	r5, #4
100014c6:	0f94      	lsrs	r4, r2, #30
100014c8:	d101      	bne.n	100014ce <y64_x32+0x1e>
100014ca:	0092      	lsls	r2, r2, #2
100014cc:	3502      	adds	r5, #2
100014ce:	0fd4      	lsrs	r4, r2, #31
100014d0:	d101      	bne.n	100014d6 <y64_x32+0x26>
100014d2:	0052      	lsls	r2, r2, #1
100014d4:	3501      	adds	r5, #1
100014d6:	0bd4      	lsrs	r4, r2, #15
100014d8:	3401      	adds	r4, #1
100014da:	4f25      	ldr	r7, [pc, #148]	@ (10001570 <y64_x32+0xc0>)
100014dc:	667c      	str	r4, [r7, #100]	@ 0x64
100014de:	4c25      	ldr	r4, [pc, #148]	@ (10001574 <y64_x32+0xc4>)
100014e0:	663c      	str	r4, [r7, #96]	@ 0x60
100014e2:	0c0e      	lsrs	r6, r1, #16
100014e4:	b293      	uxth	r3, r2
100014e6:	e7ff      	b.n	100014e8 <y64_x32+0x38>
100014e8:	e7ff      	b.n	100014ea <y64_x32+0x3a>
100014ea:	e7ff      	b.n	100014ec <y64_x32+0x3c>
100014ec:	6f3c      	ldr	r4, [r7, #112]	@ 0x70
100014ee:	4366      	muls	r6, r4
100014f0:	0c36      	lsrs	r6, r6, #16
100014f2:	0377      	lsls	r7, r6, #13
100014f4:	46be      	mov	lr, r7
100014f6:	4373      	muls	r3, r6
100014f8:	0bdf      	lsrs	r7, r3, #15
100014fa:	045b      	lsls	r3, r3, #17
100014fc:	1ac0      	subs	r0, r0, r3
100014fe:	41b9      	sbcs	r1, r7
10001500:	0c13      	lsrs	r3, r2, #16
10001502:	4373      	muls	r3, r6
10001504:	18db      	adds	r3, r3, r3
10001506:	1ac9      	subs	r1, r1, r3
10001508:	08ce      	lsrs	r6, r1, #3
1000150a:	4366      	muls	r6, r4
1000150c:	0c36      	lsrs	r6, r6, #16
1000150e:	44b6      	add	lr, r6
10001510:	b293      	uxth	r3, r2
10001512:	4373      	muls	r3, r6
10001514:	0f1f      	lsrs	r7, r3, #28
10001516:	011b      	lsls	r3, r3, #4
10001518:	1ac0      	subs	r0, r0, r3
1000151a:	41b9      	sbcs	r1, r7
1000151c:	0c13      	lsrs	r3, r2, #16
1000151e:	4373      	muls	r3, r6
10001520:	0b1f      	lsrs	r7, r3, #12
10001522:	051b      	lsls	r3, r3, #20
10001524:	1ac0      	subs	r0, r0, r3
10001526:	41b9      	sbcs	r1, r7
10001528:	0d86      	lsrs	r6, r0, #22
1000152a:	028f      	lsls	r7, r1, #10
1000152c:	433e      	orrs	r6, r7
1000152e:	4366      	muls	r6, r4
10001530:	0c36      	lsrs	r6, r6, #16
10001532:	2d09      	cmp	r5, #9
10001534:	db24      	blt.n	10001580 <last0>
10001536:	0a52      	lsrs	r2, r2, #9
10001538:	4372      	muls	r2, r6
1000153a:	1a80      	subs	r0, r0, r2
1000153c:	0377      	lsls	r7, r6, #13
1000153e:	0a46      	lsrs	r6, r0, #9
10001540:	4366      	muls	r6, r4
10001542:	0c36      	lsrs	r6, r6, #16
10001544:	2316      	movs	r3, #22
10001546:	1b5b      	subs	r3, r3, r5
10001548:	40de      	lsrs	r6, r3
1000154a:	40df      	lsrs	r7, r3
1000154c:	19bf      	adds	r7, r7, r6
1000154e:	4664      	mov	r4, ip
10001550:	4366      	muls	r6, r4
10001552:	1b82      	subs	r2, r0, r6
10001554:	4670      	mov	r0, lr
10001556:	3504      	adds	r5, #4
10001558:	3306      	adds	r3, #6
1000155a:	0001      	movs	r1, r0
1000155c:	40d9      	lsrs	r1, r3
1000155e:	40a8      	lsls	r0, r5
10001560:	19c0      	adds	r0, r0, r7
10001562:	d300      	bcc.n	10001566 <y64_x32+0xb6>
10001564:	3101      	adds	r1, #1
10001566:	42a2      	cmp	r2, r4
10001568:	d206      	bcs.n	10001578 <y64_x32+0xc8>
1000156a:	2300      	movs	r3, #0
1000156c:	bdf0      	pop	{r4, r5, r6, r7, pc}
1000156e:	0000      	.short	0x0000
10001570:	d0000000 	.word	0xd0000000
10001574:	ffffffff 	.word	0xffffffff
10001578:	1b12      	subs	r2, r2, r4
1000157a:	3001      	adds	r0, #1
1000157c:	d3f3      	bcc.n	10001566 <y64_x32+0xb6>
1000157e:	e7f1      	b.n	10001564 <y64_x32+0xb4>

10001580 <last0>:
10001580:	2709      	movs	r7, #9
10001582:	1b7f      	subs	r7, r7, r5
10001584:	40fe      	lsrs	r6, r7
10001586:	4664      	mov	r4, ip
10001588:	b2a2      	uxth	r2, r4
1000158a:	4372      	muls	r2, r6
1000158c:	1a80      	subs	r0, r0, r2
1000158e:	d200      	bcs.n	10001592 <last0+0x12>
10001590:	3901      	subs	r1, #1
10001592:	0c22      	lsrs	r2, r4, #16
10001594:	4372      	muls	r2, r6
10001596:	0c13      	lsrs	r3, r2, #16
10001598:	0412      	lsls	r2, r2, #16
1000159a:	1a82      	subs	r2, r0, r2
1000159c:	4199      	sbcs	r1, r3
1000159e:	000b      	movs	r3, r1
100015a0:	4670      	mov	r0, lr
100015a2:	3504      	adds	r5, #4
100015a4:	3713      	adds	r7, #19
100015a6:	0001      	movs	r1, r0
100015a8:	40f9      	lsrs	r1, r7
100015aa:	40a8      	lsls	r0, r5
100015ac:	1980      	adds	r0, r0, r6
100015ae:	d300      	bcc.n	100015b2 <last0+0x32>
100015b0:	3101      	adds	r1, #1
100015b2:	2b00      	cmp	r3, #0
100015b4:	d102      	bne.n	100015bc <last0+0x3c>
100015b6:	42a2      	cmp	r2, r4
100015b8:	d20a      	bcs.n	100015d0 <last0+0x50>
100015ba:	bdf0      	pop	{r4, r5, r6, r7, pc}
100015bc:	3001      	adds	r0, #1
100015be:	d300      	bcc.n	100015c2 <last0+0x42>
100015c0:	3101      	adds	r1, #1
100015c2:	1b12      	subs	r2, r2, r4
100015c4:	d2fa      	bcs.n	100015bc <last0+0x3c>
100015c6:	3b01      	subs	r3, #1
100015c8:	d1f8      	bne.n	100015bc <last0+0x3c>
100015ca:	42a2      	cmp	r2, r4
100015cc:	d200      	bcs.n	100015d0 <last0+0x50>
100015ce:	bdf0      	pop	{r4, r5, r6, r7, pc}
100015d0:	3001      	adds	r0, #1
100015d2:	d300      	bcc.n	100015d6 <last0+0x56>
100015d4:	3101      	adds	r1, #1
100015d6:	1b12      	subs	r2, r2, r4
100015d8:	e7f7      	b.n	100015ca <last0+0x4a>

100015da <y64_x48>:
100015da:	b5f0      	push	{r4, r5, r6, r7, lr}
100015dc:	0c1c      	lsrs	r4, r3, #16
100015de:	d000      	beq.n	100015e2 <y64_x48+0x8>
100015e0:	e080      	b.n	100016e4 <y64_x64>
100015e2:	b40c      	push	{r2, r3}
100015e4:	2500      	movs	r5, #0
100015e6:	0a1c      	lsrs	r4, r3, #8
100015e8:	d104      	bne.n	100015f4 <y64_x48+0x1a>
100015ea:	021b      	lsls	r3, r3, #8
100015ec:	0e16      	lsrs	r6, r2, #24
100015ee:	4333      	orrs	r3, r6
100015f0:	0212      	lsls	r2, r2, #8
100015f2:	3508      	adds	r5, #8
100015f4:	0b1c      	lsrs	r4, r3, #12
100015f6:	d104      	bne.n	10001602 <y64_x48+0x28>
100015f8:	011b      	lsls	r3, r3, #4
100015fa:	0f16      	lsrs	r6, r2, #28
100015fc:	4333      	orrs	r3, r6
100015fe:	0112      	lsls	r2, r2, #4
10001600:	3504      	adds	r5, #4
10001602:	0b9c      	lsrs	r4, r3, #14
10001604:	d104      	bne.n	10001610 <y64_x48+0x36>
10001606:	009b      	lsls	r3, r3, #2
10001608:	0f96      	lsrs	r6, r2, #30
1000160a:	4333      	orrs	r3, r6
1000160c:	0092      	lsls	r2, r2, #2
1000160e:	3502      	adds	r5, #2
10001610:	0bdc      	lsrs	r4, r3, #15
10001612:	d102      	bne.n	1000161a <y64_x48+0x40>
10001614:	1892      	adds	r2, r2, r2
10001616:	415b      	adcs	r3, r3
10001618:	3501      	adds	r5, #1
1000161a:	001c      	movs	r4, r3
1000161c:	1897      	adds	r7, r2, r2
1000161e:	4164      	adcs	r4, r4
10001620:	3401      	adds	r4, #1
10001622:	4f46      	ldr	r7, [pc, #280]	@ (1000173c <y64_x64+0x58>)
10001624:	667c      	str	r4, [r7, #100]	@ 0x64
10001626:	4c46      	ldr	r4, [pc, #280]	@ (10001740 <y64_x64+0x5c>)
10001628:	663c      	str	r4, [r7, #96]	@ 0x60
1000162a:	0c0e      	lsrs	r6, r1, #16
1000162c:	e7ff      	b.n	1000162e <y64_x48+0x54>
1000162e:	e7ff      	b.n	10001630 <y64_x48+0x56>
10001630:	e7ff      	b.n	10001632 <y64_x48+0x58>
10001632:	46c0      	nop			@ (mov r8, r8)
10001634:	6f3c      	ldr	r4, [r7, #112]	@ 0x70
10001636:	4366      	muls	r6, r4
10001638:	0c36      	lsrs	r6, r6, #16
1000163a:	0377      	lsls	r7, r6, #13
1000163c:	46be      	mov	lr, r7
1000163e:	b297      	uxth	r7, r2
10001640:	4377      	muls	r7, r6
10001642:	1bc0      	subs	r0, r0, r7
10001644:	d200      	bcs.n	10001648 <y64_x48+0x6e>
10001646:	3901      	subs	r1, #1
10001648:	1bc0      	subs	r0, r0, r7
1000164a:	d200      	bcs.n	1000164e <y64_x48+0x74>
1000164c:	3901      	subs	r1, #1
1000164e:	b29f      	uxth	r7, r3
10001650:	4377      	muls	r7, r6
10001652:	1bc9      	subs	r1, r1, r7
10001654:	1bc9      	subs	r1, r1, r7
10001656:	0c17      	lsrs	r7, r2, #16
10001658:	4377      	muls	r7, r6
1000165a:	047e      	lsls	r6, r7, #17
1000165c:	0bff      	lsrs	r7, r7, #15
1000165e:	1b80      	subs	r0, r0, r6
10001660:	41b9      	sbcs	r1, r7
10001662:	08ce      	lsrs	r6, r1, #3
10001664:	4366      	muls	r6, r4
10001666:	0c36      	lsrs	r6, r6, #16
10001668:	2d0c      	cmp	r5, #12
1000166a:	db33      	blt.n	100016d4 <last1>
1000166c:	44b6      	add	lr, r6
1000166e:	0b12      	lsrs	r2, r2, #12
10001670:	051f      	lsls	r7, r3, #20
10001672:	433a      	orrs	r2, r7
10001674:	0b1b      	lsrs	r3, r3, #12
10001676:	b297      	uxth	r7, r2
10001678:	4377      	muls	r7, r6
1000167a:	1bc0      	subs	r0, r0, r7
1000167c:	d200      	bcs.n	10001680 <y64_x48+0xa6>
1000167e:	3901      	subs	r1, #1
10001680:	b29f      	uxth	r7, r3
10001682:	4377      	muls	r7, r6
10001684:	1bc9      	subs	r1, r1, r7
10001686:	0c17      	lsrs	r7, r2, #16
10001688:	4377      	muls	r7, r6
1000168a:	043e      	lsls	r6, r7, #16
1000168c:	0c3f      	lsrs	r7, r7, #16
1000168e:	1b80      	subs	r0, r0, r6
10001690:	41b9      	sbcs	r1, r7
10001692:	0d86      	lsrs	r6, r0, #22
10001694:	028f      	lsls	r7, r1, #10
10001696:	433e      	orrs	r6, r7
10001698:	4366      	muls	r6, r4
1000169a:	2729      	movs	r7, #41	@ 0x29
1000169c:	1b7f      	subs	r7, r7, r5
1000169e:	40fe      	lsrs	r6, r7
100016a0:	3d0c      	subs	r5, #12
100016a2:	4677      	mov	r7, lr
100016a4:	40af      	lsls	r7, r5
100016a6:	19bf      	adds	r7, r7, r6
100016a8:	bc30      	pop	{r4, r5}
100016aa:	b2a2      	uxth	r2, r4
100016ac:	b2ab      	uxth	r3, r5
100016ae:	4372      	muls	r2, r6
100016b0:	4373      	muls	r3, r6
100016b2:	1a80      	subs	r0, r0, r2
100016b4:	4199      	sbcs	r1, r3
100016b6:	0c22      	lsrs	r2, r4, #16
100016b8:	4372      	muls	r2, r6
100016ba:	0c13      	lsrs	r3, r2, #16
100016bc:	0412      	lsls	r2, r2, #16
100016be:	1a80      	subs	r0, r0, r2
100016c0:	4199      	sbcs	r1, r3
100016c2:	0002      	movs	r2, r0
100016c4:	000b      	movs	r3, r1
100016c6:	3701      	adds	r7, #1
100016c8:	1b00      	subs	r0, r0, r4
100016ca:	41a9      	sbcs	r1, r5
100016cc:	d2f9      	bcs.n	100016c2 <y64_x48+0xe8>
100016ce:	1e78      	subs	r0, r7, #1
100016d0:	2100      	movs	r1, #0
100016d2:	bdf0      	pop	{r4, r5, r6, r7, pc}

100016d4 <last1>:
100016d4:	270c      	movs	r7, #12
100016d6:	1b7f      	subs	r7, r7, r5
100016d8:	40fe      	lsrs	r6, r7
100016da:	4677      	mov	r7, lr
100016dc:	0b7f      	lsrs	r7, r7, #13
100016de:	40af      	lsls	r7, r5
100016e0:	19ff      	adds	r7, r7, r7
100016e2:	e7e0      	b.n	100016a6 <y64_x48+0xcc>

100016e4 <y64_x64>:
100016e4:	2400      	movs	r4, #0
100016e6:	1c5d      	adds	r5, r3, #1
100016e8:	d007      	beq.n	100016fa <y64_x64+0x16>
100016ea:	4f14      	ldr	r7, [pc, #80]	@ (1000173c <y64_x64+0x58>)
100016ec:	667d      	str	r5, [r7, #100]	@ 0x64
100016ee:	6639      	str	r1, [r7, #96]	@ 0x60
100016f0:	e7ff      	b.n	100016f2 <y64_x64+0xe>
100016f2:	e7ff      	b.n	100016f4 <y64_x64+0x10>
100016f4:	e7ff      	b.n	100016f6 <y64_x64+0x12>
100016f6:	e7ff      	b.n	100016f8 <y64_x64+0x14>
100016f8:	6f3c      	ldr	r4, [r7, #112]	@ 0x70
100016fa:	b295      	uxth	r5, r2
100016fc:	b29e      	uxth	r6, r3
100016fe:	4365      	muls	r5, r4
10001700:	4366      	muls	r6, r4
10001702:	1b40      	subs	r0, r0, r5
10001704:	41b1      	sbcs	r1, r6
10001706:	0c15      	lsrs	r5, r2, #16
10001708:	0c1e      	lsrs	r6, r3, #16
1000170a:	4365      	muls	r5, r4
1000170c:	4366      	muls	r6, r4
1000170e:	0436      	lsls	r6, r6, #16
10001710:	0c2f      	lsrs	r7, r5, #16
10001712:	433e      	orrs	r6, r7
10001714:	042d      	lsls	r5, r5, #16
10001716:	1b40      	subs	r0, r0, r5
10001718:	41b1      	sbcs	r1, r6
1000171a:	4299      	cmp	r1, r3
1000171c:	d204      	bcs.n	10001728 <y64_x64+0x44>
1000171e:	0002      	movs	r2, r0
10001720:	000b      	movs	r3, r1
10001722:	0020      	movs	r0, r4
10001724:	2100      	movs	r1, #0
10001726:	bdf0      	pop	{r4, r5, r6, r7, pc}
10001728:	d101      	bne.n	1000172e <y64_x64+0x4a>
1000172a:	4290      	cmp	r0, r2
1000172c:	d3f7      	bcc.n	1000171e <y64_x64+0x3a>
1000172e:	1a80      	subs	r0, r0, r2
10001730:	4199      	sbcs	r1, r3
10001732:	3401      	adds	r4, #1
10001734:	4299      	cmp	r1, r3
10001736:	d3f2      	bcc.n	1000171e <y64_x64+0x3a>
10001738:	e7f6      	b.n	10001728 <y64_x64+0x44>
1000173a:	0000      	.short	0x0000
1000173c:	d0000000 	.word	0xd0000000
10001740:	ffffffff 	.word	0xffffffff

10001744 <__wrap___aeabi_drsub>:
10001744:	4048      	eors	r0, r1
10001746:	4041      	eors	r1, r0
10001748:	4048      	eors	r0, r1

1000174a <__wrap___aeabi_dsub>:
1000174a:	b418      	push	{r3, r4}
1000174c:	4b1b      	ldr	r3, [pc, #108]	@ (100017bc <__wrap___aeabi_dmul+0x12>)
1000174e:	685b      	ldr	r3, [r3, #4]
10001750:	46fc      	mov	ip, pc
10001752:	9301      	str	r3, [sp, #4]
10001754:	bd08      	pop	{r3, pc}
10001756:	df04      	.short	0xdf04
10001758:	10001a1f 	.word	0x10001a1f

1000175c <__wrap___aeabi_dadd>:
1000175c:	b418      	push	{r3, r4}
1000175e:	4b17      	ldr	r3, [pc, #92]	@ (100017bc <__wrap___aeabi_dmul+0x12>)
10001760:	681b      	ldr	r3, [r3, #0]
10001762:	46fc      	mov	ip, pc
10001764:	9301      	str	r3, [sp, #4]
10001766:	bd08      	pop	{r3, pc}
10001768:	1a29df00 	.word	0x1a29df00
1000176c:	1000      	.short	0x1000

1000176e <__wrap___aeabi_ddiv>:
1000176e:	4694      	mov	ip, r2
10001770:	4a13      	ldr	r2, [pc, #76]	@ (100017c0 <__wrap___aeabi_dmul+0x16>)
10001772:	6f92      	ldr	r2, [r2, #120]	@ 0x78
10001774:	0892      	lsrs	r2, r2, #2
10001776:	d209      	bcs.n	1000178c <ddiv_save_state>
10001778:	4662      	mov	r2, ip

1000177a <ddiv_shim_call>:
1000177a:	b418      	push	{r3, r4}
1000177c:	4b0f      	ldr	r3, [pc, #60]	@ (100017bc <__wrap___aeabi_dmul+0x12>)
1000177e:	68db      	ldr	r3, [r3, #12]
10001780:	46fc      	mov	ip, pc
10001782:	9301      	str	r3, [sp, #4]
10001784:	bd08      	pop	{r3, pc}
10001786:	df0c      	.short	0xdf0c
10001788:	10001ce1 	.word	0x10001ce1

1000178c <ddiv_save_state>:
1000178c:	4a0c      	ldr	r2, [pc, #48]	@ (100017c0 <__wrap___aeabi_dmul+0x16>)
1000178e:	b5f0      	push	{r4, r5, r6, r7, lr}
10001790:	6e14      	ldr	r4, [r2, #96]	@ 0x60
10001792:	6e55      	ldr	r5, [r2, #100]	@ 0x64
10001794:	6f57      	ldr	r7, [r2, #116]	@ 0x74
10001796:	6f16      	ldr	r6, [r2, #112]	@ 0x70
10001798:	4662      	mov	r2, ip
1000179a:	f7ff ffee 	bl	1000177a <ddiv_shim_call>
1000179e:	4a08      	ldr	r2, [pc, #32]	@ (100017c0 <__wrap___aeabi_dmul+0x16>)
100017a0:	6614      	str	r4, [r2, #96]	@ 0x60
100017a2:	6655      	str	r5, [r2, #100]	@ 0x64
100017a4:	6757      	str	r7, [r2, #116]	@ 0x74
100017a6:	6716      	str	r6, [r2, #112]	@ 0x70
100017a8:	bdf0      	pop	{r4, r5, r6, r7, pc}

100017aa <__wrap___aeabi_dmul>:
100017aa:	b418      	push	{r3, r4}
100017ac:	4b03      	ldr	r3, [pc, #12]	@ (100017bc <__wrap___aeabi_dmul+0x12>)
100017ae:	689b      	ldr	r3, [r3, #8]
100017b0:	46fc      	mov	ip, pc
100017b2:	9301      	str	r3, [sp, #4]
100017b4:	bd08      	pop	{r3, pc}
100017b6:	df08      	.short	0xdf08
100017b8:	10001b85 	.word	0x10001b85
100017bc:	2000044c 	.word	0x2000044c
100017c0:	d0000000 	.word	0xd0000000

100017c4 <__wrap___aeabi_cdrcmple>:
100017c4:	b5ff      	push	{r0, r1, r2, r3, r4, r5, r6, r7, lr}
100017c6:	4050      	eors	r0, r2
100017c8:	4042      	eors	r2, r0
100017ca:	4050      	eors	r0, r2
100017cc:	4059      	eors	r1, r3
100017ce:	404b      	eors	r3, r1
100017d0:	4059      	eors	r1, r3
100017d2:	e000      	b.n	100017d6 <__aeabi_dfcmple_guts>

100017d4 <__wrap___aeabi_cdcmpeq>:
100017d4:	b5ff      	push	{r0, r1, r2, r3, r4, r5, r6, r7, lr}

100017d6 <__aeabi_dfcmple_guts>:
100017d6:	4f15      	ldr	r7, [pc, #84]	@ (1000182c <__aeabi_dfcmple_guts+0x56>)
100017d8:	004c      	lsls	r4, r1, #1
100017da:	0d64      	lsrs	r4, r4, #21
100017dc:	d003      	beq.n	100017e6 <__aeabi_dfcmple_guts+0x10>
100017de:	42bc      	cmp	r4, r7
100017e0:	d104      	bne.n	100017ec <__aeabi_dfcmple_guts+0x16>
100017e2:	030c      	lsls	r4, r1, #12
100017e4:	d814      	bhi.n	10001810 <__aeabi_dfcmple_guts+0x3a>
100017e6:	2000      	movs	r0, #0
100017e8:	0d09      	lsrs	r1, r1, #20
100017ea:	0509      	lsls	r1, r1, #20
100017ec:	005c      	lsls	r4, r3, #1
100017ee:	0d64      	lsrs	r4, r4, #21
100017f0:	d003      	beq.n	100017fa <__aeabi_dfcmple_guts+0x24>
100017f2:	42bc      	cmp	r4, r7
100017f4:	d104      	bne.n	10001800 <__aeabi_dfcmple_guts+0x2a>
100017f6:	031c      	lsls	r4, r3, #12
100017f8:	d80a      	bhi.n	10001810 <__aeabi_dfcmple_guts+0x3a>
100017fa:	2200      	movs	r2, #0
100017fc:	0d1b      	lsrs	r3, r3, #20
100017fe:	051b      	lsls	r3, r3, #20
10001800:	2601      	movs	r6, #1
10001802:	404b      	eors	r3, r1
10001804:	d409      	bmi.n	1000181a <__aeabi_dfcmple_guts+0x44>
10001806:	404b      	eors	r3, r1
10001808:	d503      	bpl.n	10001812 <__aeabi_dfcmple_guts+0x3c>
1000180a:	428b      	cmp	r3, r1
1000180c:	d100      	bne.n	10001810 <__aeabi_dfcmple_guts+0x3a>
1000180e:	4282      	cmp	r2, r0
10001810:	bdff      	pop	{r0, r1, r2, r3, r4, r5, r6, r7, pc}
10001812:	4299      	cmp	r1, r3
10001814:	d1fc      	bne.n	10001810 <__aeabi_dfcmple_guts+0x3a>
10001816:	4290      	cmp	r0, r2
10001818:	bdff      	pop	{r0, r1, r2, r3, r4, r5, r6, r7, pc}
1000181a:	430b      	orrs	r3, r1
1000181c:	18db      	adds	r3, r3, r3
1000181e:	4303      	orrs	r3, r0
10001820:	4313      	orrs	r3, r2
10001822:	d0f5      	beq.n	10001810 <__aeabi_dfcmple_guts+0x3a>
10001824:	43c9      	mvns	r1, r1
10001826:	1849      	adds	r1, r1, r1
10001828:	bdff      	pop	{r0, r1, r2, r3, r4, r5, r6, r7, pc}
1000182a:	0000      	.short	0x0000
1000182c:	000007ff 	.word	0x000007ff

10001830 <__wrap___aeabi_dcmplt>:
10001830:	b500      	push	{lr}
10001832:	f7ff ffcf 	bl	100017d4 <__wrap___aeabi_cdcmpeq>
10001836:	4180      	sbcs	r0, r0
10001838:	bd00      	pop	{pc}
1000183a:	46c0      	nop			@ (mov r8, r8)

1000183c <__wrap___aeabi_dcmple>:
1000183c:	b500      	push	{lr}
1000183e:	f7ff ffc9 	bl	100017d4 <__wrap___aeabi_cdcmpeq>
10001842:	d901      	bls.n	10001848 <__wrap___aeabi_dcmple+0xc>
10001844:	2000      	movs	r0, #0
10001846:	bd00      	pop	{pc}
10001848:	2001      	movs	r0, #1
1000184a:	bd00      	pop	{pc}

1000184c <__wrap___aeabi_dcmpge>:
1000184c:	b500      	push	{lr}
1000184e:	f7ff ffb9 	bl	100017c4 <__wrap___aeabi_cdrcmple>
10001852:	d901      	bls.n	10001858 <__wrap___aeabi_dcmpge+0xc>
10001854:	2000      	movs	r0, #0
10001856:	bd00      	pop	{pc}
10001858:	2001      	movs	r0, #1
1000185a:	bd00      	pop	{pc}

1000185c <__wrap___aeabi_dcmpgt>:
1000185c:	b500      	push	{lr}
1000185e:	f7ff ffb1 	bl	100017c4 <__wrap___aeabi_cdrcmple>
10001862:	4180      	sbcs	r0, r0
10001864:	bd00      	pop	{pc}

10001866 <__wrap___aeabi_dcmpun>:
10001866:	2001      	movs	r0, #1
10001868:	0540      	lsls	r0, r0, #21
1000186a:	004a      	lsls	r2, r1, #1
1000186c:	1812      	adds	r2, r2, r0
1000186e:	d804      	bhi.n	1000187a <__wrap___aeabi_dcmpun+0x14>
10001870:	005a      	lsls	r2, r3, #1
10001872:	1812      	adds	r2, r2, r0
10001874:	d801      	bhi.n	1000187a <__wrap___aeabi_dcmpun+0x14>
10001876:	2000      	movs	r0, #0
10001878:	4770      	bx	lr
1000187a:	2001      	movs	r0, #1
1000187c:	4770      	bx	lr
	...

10001880 <__wrap___aeabi_ui2d>:
10001880:	2100      	movs	r1, #0
10001882:	2800      	cmp	r0, #0
10001884:	d105      	bne.n	10001892 <__wrap___aeabi_i2d+0xa>
10001886:	4770      	bx	lr

10001888 <__wrap___aeabi_i2d>:
10001888:	17c1      	asrs	r1, r0, #31
1000188a:	4048      	eors	r0, r1
1000188c:	1a40      	subs	r0, r0, r1
1000188e:	d0fa      	beq.n	10001886 <__wrap___aeabi_ui2d+0x6>
10001890:	07c9      	lsls	r1, r1, #31
10001892:	b513      	push	{r0, r1, r4, lr}
10001894:	4b06      	ldr	r3, [pc, #24]	@ (100018b0 <__wrap___aeabi_i2d+0x28>)
10001896:	681b      	ldr	r3, [r3, #0]
10001898:	4798      	blx	r3
1000189a:	bc0c      	pop	{r2, r3}
1000189c:	1c44      	adds	r4, r0, #1
1000189e:	40a2      	lsls	r2, r4
100018a0:	0510      	lsls	r0, r2, #20
100018a2:	0b12      	lsrs	r2, r2, #12
100018a4:	4903      	ldr	r1, [pc, #12]	@ (100018b4 <__wrap___aeabi_i2d+0x2c>)
100018a6:	1b09      	subs	r1, r1, r4
100018a8:	0509      	lsls	r1, r1, #20
100018aa:	4319      	orrs	r1, r3
100018ac:	4311      	orrs	r1, r2
100018ae:	bd10      	pop	{r4, pc}
100018b0:	2000054c 	.word	0x2000054c
100018b4:	0000041f 	.word	0x0000041f

100018b8 <__wrap___aeabi_d2iz>:
100018b8:	b510      	push	{r4, lr}
100018ba:	004c      	lsls	r4, r1, #1
100018bc:	0d62      	lsrs	r2, r4, #21
100018be:	2380      	movs	r3, #128	@ 0x80
100018c0:	18d2      	adds	r2, r2, r3
100018c2:	00db      	lsls	r3, r3, #3
100018c4:	1ad2      	subs	r2, r2, r3
100018c6:	055b      	lsls	r3, r3, #21
100018c8:	2a7e      	cmp	r2, #126	@ 0x7e
100018ca:	dd10      	ble.n	100018ee <__wrap___aeabi_d2iz+0x36>
100018cc:	3a9e      	subs	r2, #158	@ 0x9e
100018ce:	da13      	bge.n	100018f8 <__wrap___aeabi_d2iz+0x40>
100018d0:	17cc      	asrs	r4, r1, #31
100018d2:	0309      	lsls	r1, r1, #12
100018d4:	0849      	lsrs	r1, r1, #1
100018d6:	4319      	orrs	r1, r3
100018d8:	4252      	negs	r2, r2
100018da:	40d1      	lsrs	r1, r2
100018dc:	0064      	lsls	r4, r4, #1
100018de:	3401      	adds	r4, #1
100018e0:	3215      	adds	r2, #21
100018e2:	2a20      	cmp	r2, #32
100018e4:	da05      	bge.n	100018f2 <__wrap___aeabi_d2iz+0x3a>
100018e6:	40d0      	lsrs	r0, r2
100018e8:	4308      	orrs	r0, r1
100018ea:	4360      	muls	r0, r4
100018ec:	bd10      	pop	{r4, pc}
100018ee:	2000      	movs	r0, #0
100018f0:	bd10      	pop	{r4, pc}
100018f2:	4608      	mov	r0, r1
100018f4:	4360      	muls	r0, r4
100018f6:	bd10      	pop	{r4, pc}
100018f8:	0fc8      	lsrs	r0, r1, #31
100018fa:	18c0      	adds	r0, r0, r3
100018fc:	3801      	subs	r0, #1
100018fe:	bd10      	pop	{r4, pc}

10001900 <__wrap___aeabi_d2uiz>:
10001900:	b418      	push	{r3, r4}
10001902:	4b04      	ldr	r3, [pc, #16]	@ (10001914 <__wrap___aeabi_d2uiz+0x14>)
10001904:	6a5b      	ldr	r3, [r3, #36]	@ 0x24
10001906:	46fc      	mov	ip, pc
10001908:	9301      	str	r3, [sp, #4]
1000190a:	bd08      	pop	{r3, pc}
1000190c:	1e91df24 	.word	0x1e91df24
10001910:	00001000 	.word	0x00001000
10001914:	2000044c 	.word	0x2000044c

10001918 <__aeabi_double_init>:
10001918:	b570      	push	{r4, r5, r6, lr}
1000191a:	2313      	movs	r3, #19
1000191c:	781c      	ldrb	r4, [r3, #0]
1000191e:	2c01      	cmp	r4, #1
10001920:	d012      	beq.n	10001948 <__aeabi_double_init+0x30>
10001922:	2c01      	cmp	r4, #1
10001924:	dc12      	bgt.n	1000194c <__aeabi_double_init+0x34>
10001926:	4b21      	ldr	r3, [pc, #132]	@ (100019ac <__aeabi_double_init+0x94>)
10001928:	4a21      	ldr	r2, [pc, #132]	@ (100019b0 <__aeabi_double_init+0x98>)
1000192a:	6493      	str	r3, [r2, #72]	@ 0x48
1000192c:	4821      	ldr	r0, [pc, #132]	@ (100019b4 <__aeabi_double_init+0x9c>)
1000192e:	f7ff fb69 	bl	10001004 <rom_func_lookup>
10001932:	4b21      	ldr	r3, [pc, #132]	@ (100019b8 <__aeabi_double_init+0xa0>)
10001934:	6018      	str	r0, [r3, #0]
10001936:	bd70      	pop	{r4, r5, r6, pc}
10001938:	491c      	ldr	r1, [pc, #112]	@ (100019ac <__aeabi_double_init+0x94>)
1000193a:	4a1d      	ldr	r2, [pc, #116]	@ (100019b0 <__aeabi_double_init+0x98>)
1000193c:	0098      	lsls	r0, r3, #2
1000193e:	5081      	str	r1, [r0, r2]
10001940:	3301      	adds	r3, #1
10001942:	2b1f      	cmp	r3, #31
10001944:	d9f8      	bls.n	10001938 <__aeabi_double_init+0x20>
10001946:	e7ec      	b.n	10001922 <__aeabi_double_init+0xa>
10001948:	2300      	movs	r3, #0
1000194a:	e7fa      	b.n	10001942 <__aeabi_double_init+0x2a>
1000194c:	481b      	ldr	r0, [pc, #108]	@ (100019bc <__aeabi_double_init+0xa4>)
1000194e:	f7ff fb61 	bl	10001014 <rom_data_lookup>
10001952:	0005      	movs	r5, r0
10001954:	481a      	ldr	r0, [pc, #104]	@ (100019c0 <__aeabi_double_init+0xa8>)
10001956:	f7ff fb5d 	bl	10001014 <rom_data_lookup>
1000195a:	3802      	subs	r0, #2
1000195c:	7803      	ldrb	r3, [r0, #0]
1000195e:	009b      	lsls	r3, r3, #2
10001960:	2b7f      	cmp	r3, #127	@ 0x7f
10001962:	dd09      	ble.n	10001978 <__aeabi_double_init+0x60>
10001964:	4812      	ldr	r0, [pc, #72]	@ (100019b0 <__aeabi_double_init+0x98>)
10001966:	2280      	movs	r2, #128	@ 0x80
10001968:	0029      	movs	r1, r5
1000196a:	f000 fba9 	bl	100020c0 <__wrap___aeabi_memcpy>
1000196e:	2c02      	cmp	r4, #2
10001970:	d008      	beq.n	10001984 <__aeabi_double_init+0x6c>
10001972:	2c02      	cmp	r4, #2
10001974:	dcda      	bgt.n	1000192c <__aeabi_double_init+0x14>
10001976:	e7d6      	b.n	10001926 <__aeabi_double_init+0xe>
10001978:	4b12      	ldr	r3, [pc, #72]	@ (100019c4 <__aeabi_double_init+0xac>)
1000197a:	4a13      	ldr	r2, [pc, #76]	@ (100019c8 <__aeabi_double_init+0xb0>)
1000197c:	4813      	ldr	r0, [pc, #76]	@ (100019cc <__aeabi_double_init+0xb4>)
1000197e:	2134      	movs	r1, #52	@ 0x34
10001980:	f001 fc9e 	bl	100032c0 <__assert_func>
10001984:	4b12      	ldr	r3, [pc, #72]	@ (100019d0 <__aeabi_double_init+0xb8>)
10001986:	881a      	ldrh	r2, [r3, #0]
10001988:	23b5      	movs	r3, #181	@ 0xb5
1000198a:	021b      	lsls	r3, r3, #8
1000198c:	429a      	cmp	r2, r3
1000198e:	d109      	bne.n	100019a4 <__aeabi_double_init+0x8c>
10001990:	4b10      	ldr	r3, [pc, #64]	@ (100019d4 <__aeabi_double_init+0xbc>)
10001992:	881a      	ldrh	r2, [r3, #0]
10001994:	4b10      	ldr	r3, [pc, #64]	@ (100019d8 <__aeabi_double_init+0xc0>)
10001996:	429a      	cmp	r2, r3
10001998:	d104      	bne.n	100019a4 <__aeabi_double_init+0x8c>
1000199a:	4b10      	ldr	r3, [pc, #64]	@ (100019dc <__aeabi_double_init+0xc4>)
1000199c:	881a      	ldrh	r2, [r3, #0]
1000199e:	4b10      	ldr	r3, [pc, #64]	@ (100019e0 <__aeabi_double_init+0xc8>)
100019a0:	429a      	cmp	r2, r3
100019a2:	d0e6      	beq.n	10001972 <__aeabi_double_init+0x5a>
100019a4:	2000      	movs	r0, #0
100019a6:	f7fe fca9 	bl	100002fc <panic>
100019aa:	46c0      	nop			@ (mov r8, r8)
100019ac:	100019e5 	.word	0x100019e5
100019b0:	2000044c 	.word	0x2000044c
100019b4:	0000334c 	.word	0x0000334c
100019b8:	2000054c 	.word	0x2000054c
100019bc:	00004453 	.word	0x00004453
100019c0:	00004653 	.word	0x00004653
100019c4:	100039bc 	.word	0x100039bc
100019c8:	10003c00 	.word	0x10003c00
100019cc:	10003a00 	.word	0x10003a00
100019d0:	00003854 	.word	0x00003854
100019d4:	000038d8 	.word	0x000038d8
100019d8:	00004649 	.word	0x00004649
100019dc:	0000389c 	.word	0x0000389c
100019e0:	00004659 	.word	0x00004659

100019e4 <double_table_shim_on_use_helper>:
100019e4:	b507      	push	{r0, r1, r2, lr}
100019e6:	4660      	mov	r0, ip
100019e8:	2800      	cmp	r0, #0
100019ea:	d100      	bne.n	100019ee <double_table_shim_on_use_helper+0xa>
100019ec:	be00      	bkpt	0x0000
100019ee:	8801      	ldrh	r1, [r0, #0]
100019f0:	0a0a      	lsrs	r2, r1, #8
100019f2:	3002      	adds	r0, #2
100019f4:	2adf      	cmp	r2, #223	@ 0xdf
100019f6:	d1fa      	bne.n	100019ee <double_table_shim_on_use_helper+0xa>
100019f8:	b2c9      	uxtb	r1, r1
100019fa:	0882      	lsrs	r2, r0, #2
100019fc:	d304      	bcc.n	10001a08 <double_table_shim_on_use_helper+0x24>
100019fe:	8802      	ldrh	r2, [r0, #0]
10001a00:	8840      	ldrh	r0, [r0, #2]
10001a02:	0400      	lsls	r0, r0, #16
10001a04:	4310      	orrs	r0, r2
10001a06:	e000      	b.n	10001a0a <double_table_shim_on_use_helper+0x26>
10001a08:	6800      	ldr	r0, [r0, #0]
10001a0a:	4a02      	ldr	r2, [pc, #8]	@ (10001a14 <double_table_shim_on_use_helper+0x30>)
10001a0c:	5050      	str	r0, [r2, r1]
10001a0e:	9003      	str	r0, [sp, #12]
10001a10:	bd07      	pop	{r0, r1, r2, pc}
10001a12:	0000      	.short	0x0000
10001a14:	2000044c 	.word	0x2000044c

10001a18 <drsub_shim>:
10001a18:	b40f      	push	{r0, r1, r2, r3}
10001a1a:	bc03      	pop	{r0, r1}
10001a1c:	bc0c      	pop	{r2, r3}

10001a1e <dsub_shim>:
10001a1e:	b5f0      	push	{r4, r5, r6, r7, lr}
10001a20:	2401      	movs	r4, #1
10001a22:	07e4      	lsls	r4, r4, #31
10001a24:	4063      	eors	r3, r4
10001a26:	e000      	b.n	10001a2a <da_entry>

10001a28 <dadd_shim>:
10001a28:	b5f0      	push	{r4, r5, r6, r7, lr}

10001a2a <da_entry>:
10001a2a:	0d0c      	lsrs	r4, r1, #20
10001a2c:	0fcf      	lsrs	r7, r1, #31
10001a2e:	1e66      	subs	r6, r4, #1
10001a30:	0536      	lsls	r6, r6, #20
10001a32:	1b89      	subs	r1, r1, r6
10001a34:	0564      	lsls	r4, r4, #21
10001a36:	d303      	bcc.n	10001a40 <l8_1>
10001a38:	43c9      	mvns	r1, r1
10001a3a:	4240      	negs	r0, r0
10001a3c:	d300      	bcc.n	10001a40 <l8_1>
10001a3e:	3101      	adds	r1, #1

10001a40 <l8_1>:
10001a40:	0d64      	lsrs	r4, r4, #21
10001a42:	d003      	beq.n	10001a4c <l8_2>
10001a44:	1c66      	adds	r6, r4, #1
10001a46:	0af6      	lsrs	r6, r6, #11
10001a48:	d007      	beq.n	10001a5a <l8_3>
10001a4a:	1be4      	subs	r4, r4, r7

10001a4c <l8_2>:
10001a4c:	2000      	movs	r0, #0
10001a4e:	007f      	lsls	r7, r7, #1
10001a50:	1c79      	adds	r1, r7, #1
10001a52:	0789      	lsls	r1, r1, #30
10001a54:	1289      	asrs	r1, r1, #10
10001a56:	3c80      	subs	r4, #128	@ 0x80
10001a58:	0324      	lsls	r4, r4, #12

10001a5a <l8_3>:
10001a5a:	0d1d      	lsrs	r5, r3, #20
10001a5c:	0fdf      	lsrs	r7, r3, #31
10001a5e:	1e6e      	subs	r6, r5, #1
10001a60:	0536      	lsls	r6, r6, #20
10001a62:	1b9b      	subs	r3, r3, r6
10001a64:	056d      	lsls	r5, r5, #21
10001a66:	d303      	bcc.n	10001a70 <l9_1>
10001a68:	43db      	mvns	r3, r3
10001a6a:	4252      	negs	r2, r2
10001a6c:	d300      	bcc.n	10001a70 <l9_1>
10001a6e:	3301      	adds	r3, #1

10001a70 <l9_1>:
10001a70:	0d6d      	lsrs	r5, r5, #21
10001a72:	d003      	beq.n	10001a7c <l9_2>
10001a74:	1c6e      	adds	r6, r5, #1
10001a76:	0af6      	lsrs	r6, r6, #11
10001a78:	d007      	beq.n	10001a8a <l9_3>
10001a7a:	1bed      	subs	r5, r5, r7

10001a7c <l9_2>:
10001a7c:	2200      	movs	r2, #0
10001a7e:	007f      	lsls	r7, r7, #1
10001a80:	1c7b      	adds	r3, r7, #1
10001a82:	079b      	lsls	r3, r3, #30
10001a84:	129b      	asrs	r3, r3, #10
10001a86:	3d80      	subs	r5, #128	@ 0x80
10001a88:	032d      	lsls	r5, r5, #12

10001a8a <l9_3>:
10001a8a:	1b2f      	subs	r7, r5, r4
10001a8c:	1b66      	subs	r6, r4, r5
10001a8e:	d458      	bmi.n	10001b42 <da_ygtx>
10001a90:	46a4      	mov	ip, r4
10001a92:	2e20      	cmp	r6, #32
10001a94:	da46      	bge.n	10001b24 <da_xrgty>
10001a96:	3720      	adds	r7, #32
10001a98:	0014      	movs	r4, r2
10001a9a:	40bc      	lsls	r4, r7

10001a9c <da_xgty0>:
10001a9c:	001d      	movs	r5, r3
10001a9e:	40bd      	lsls	r5, r7
10001aa0:	40f2      	lsrs	r2, r6
10001aa2:	4133      	asrs	r3, r6
10001aa4:	432a      	orrs	r2, r5

10001aa6 <da_add>:
10001aa6:	1880      	adds	r0, r0, r2
10001aa8:	4159      	adcs	r1, r3

10001aaa <da_pack>:
10001aaa:	0fcb      	lsrs	r3, r1, #31
10001aac:	d005      	beq.n	10001aba <da_pack+0x10>
10001aae:	43c9      	mvns	r1, r1
10001ab0:	43c0      	mvns	r0, r0
10001ab2:	2200      	movs	r2, #0
10001ab4:	4264      	negs	r4, r4
10001ab6:	4150      	adcs	r0, r2
10001ab8:	4151      	adcs	r1, r2
10001aba:	4662      	mov	r2, ip
10001abc:	0d4d      	lsrs	r5, r1, #21
10001abe:	d128      	bne.n	10001b12 <da_0>
10001ac0:	0d0d      	lsrs	r5, r1, #20
10001ac2:	d107      	bne.n	10001ad4 <da_1>
10001ac4:	2800      	cmp	r0, #0
10001ac6:	d01f      	beq.n	10001b08 <da_5>

10001ac8 <da_2>:
10001ac8:	1924      	adds	r4, r4, r4
10001aca:	4140      	adcs	r0, r0
10001acc:	4149      	adcs	r1, r1
10001ace:	3a01      	subs	r2, #1
10001ad0:	0d0d      	lsrs	r5, r1, #20
10001ad2:	d0f9      	beq.n	10001ac8 <da_2>

10001ad4 <da_1>:
10001ad4:	0064      	lsls	r4, r4, #1
10001ad6:	d306      	bcc.n	10001ae6 <da_3>

10001ad8 <da_4>:
10001ad8:	3001      	adds	r0, #1
10001ada:	d300      	bcc.n	10001ade <da_4+0x6>
10001adc:	3101      	adds	r1, #1
10001ade:	2c00      	cmp	r4, #0
10001ae0:	d101      	bne.n	10001ae6 <da_3>
10001ae2:	0840      	lsrs	r0, r0, #1
10001ae4:	0040      	lsls	r0, r0, #1

10001ae6 <da_3>:
10001ae6:	3a01      	subs	r2, #1
10001ae8:	d40b      	bmi.n	10001b02 <da_6>
10001aea:	1c94      	adds	r4, r2, #2
10001aec:	0ae4      	lsrs	r4, r4, #11
10001aee:	d104      	bne.n	10001afa <da_7>
10001af0:	0512      	lsls	r2, r2, #20
10001af2:	4411      	add	r1, r2
10001af4:	07db      	lsls	r3, r3, #31
10001af6:	4419      	add	r1, r3
10001af8:	bdf0      	pop	{r4, r5, r6, r7, pc}

10001afa <da_7>:
10001afa:	07d9      	lsls	r1, r3, #31
10001afc:	4b20      	ldr	r3, [pc, #128]	@ (10001b80 <da_xmgty+0x4>)
10001afe:	4319      	orrs	r1, r3
10001b00:	e000      	b.n	10001b04 <da_6+0x2>

10001b02 <da_6>:
10001b02:	07d9      	lsls	r1, r3, #31
10001b04:	2000      	movs	r0, #0
10001b06:	bdf0      	pop	{r4, r5, r6, r7, pc}

10001b08 <da_5>:
10001b08:	2900      	cmp	r1, #0
10001b0a:	d1dd      	bne.n	10001ac8 <da_2>
10001b0c:	2c00      	cmp	r4, #0
10001b0e:	d1db      	bne.n	10001ac8 <da_2>
10001b10:	bdf0      	pop	{r4, r5, r6, r7, pc}

10001b12 <da_0>:
10001b12:	3201      	adds	r2, #1
10001b14:	07c6      	lsls	r6, r0, #31
10001b16:	0840      	lsrs	r0, r0, #1
10001b18:	07cd      	lsls	r5, r1, #31
10001b1a:	4328      	orrs	r0, r5
10001b1c:	0849      	lsrs	r1, r1, #1
10001b1e:	2e00      	cmp	r6, #0
10001b20:	d0e1      	beq.n	10001ae6 <da_3>
10001b22:	e7d9      	b.n	10001ad8 <da_4>

10001b24 <da_xrgty>:
10001b24:	2e3c      	cmp	r6, #60	@ 0x3c
10001b26:	da29      	bge.n	10001b7c <da_xmgty>
10001b28:	3e20      	subs	r6, #32
10001b2a:	3740      	adds	r7, #64	@ 0x40
10001b2c:	0014      	movs	r4, r2
10001b2e:	40bc      	lsls	r4, r7
10001b30:	d000      	beq.n	10001b34 <da_xrgty+0x10>
10001b32:	2401      	movs	r4, #1
10001b34:	40f2      	lsrs	r2, r6
10001b36:	4314      	orrs	r4, r2
10001b38:	001a      	movs	r2, r3
10001b3a:	40bb      	lsls	r3, r7
10001b3c:	431c      	orrs	r4, r3
10001b3e:	17d3      	asrs	r3, r2, #31
10001b40:	e7ac      	b.n	10001a9c <da_xgty0>

10001b42 <da_ygtx>:
10001b42:	46ac      	mov	ip, r5
10001b44:	2f20      	cmp	r7, #32
10001b46:	da08      	bge.n	10001b5a <da_yrgtx>
10001b48:	3620      	adds	r6, #32
10001b4a:	0004      	movs	r4, r0
10001b4c:	40b4      	lsls	r4, r6

10001b4e <da_ygtx0>:
10001b4e:	000d      	movs	r5, r1
10001b50:	40b5      	lsls	r5, r6
10001b52:	40f8      	lsrs	r0, r7
10001b54:	4139      	asrs	r1, r7
10001b56:	4328      	orrs	r0, r5
10001b58:	e7a5      	b.n	10001aa6 <da_add>

10001b5a <da_yrgtx>:
10001b5a:	2f3c      	cmp	r7, #60	@ 0x3c
10001b5c:	da0c      	bge.n	10001b78 <da_ymgtx>
10001b5e:	3f20      	subs	r7, #32
10001b60:	3640      	adds	r6, #64	@ 0x40
10001b62:	0004      	movs	r4, r0
10001b64:	40b4      	lsls	r4, r6
10001b66:	d000      	beq.n	10001b6a <da_yrgtx+0x10>
10001b68:	2401      	movs	r4, #1
10001b6a:	40f8      	lsrs	r0, r7
10001b6c:	4304      	orrs	r4, r0
10001b6e:	0008      	movs	r0, r1
10001b70:	40b1      	lsls	r1, r6
10001b72:	430c      	orrs	r4, r1
10001b74:	17c1      	asrs	r1, r0, #31
10001b76:	e7ea      	b.n	10001b4e <da_ygtx0>

10001b78 <da_ymgtx>:
10001b78:	0010      	movs	r0, r2
10001b7a:	0019      	movs	r1, r3

10001b7c <da_xmgty>:
10001b7c:	2400      	movs	r4, #0
10001b7e:	e794      	b.n	10001aaa <da_pack>
10001b80:	7ff00000 	.word	0x7ff00000

10001b84 <dmul_shim>:
10001b84:	b5f0      	push	{r4, r5, r6, r7, lr}
10001b86:	0d0c      	lsrs	r4, r1, #20
10001b88:	1e66      	subs	r6, r4, #1
10001b8a:	0536      	lsls	r6, r6, #20
10001b8c:	1b89      	subs	r1, r1, r6
10001b8e:	0ae6      	lsrs	r6, r4, #11
10001b90:	0564      	lsls	r4, r4, #21
10001b92:	0d64      	lsrs	r4, r4, #21
10001b94:	d002      	beq.n	10001b9c <l12_1>
10001b96:	1c65      	adds	r5, r4, #1
10001b98:	0aed      	lsrs	r5, r5, #11
10001b9a:	d004      	beq.n	10001ba6 <l12_2>

10001b9c <l12_1>:
10001b9c:	2000      	movs	r0, #0
10001b9e:	2101      	movs	r1, #1
10001ba0:	0509      	lsls	r1, r1, #20
10001ba2:	3c80      	subs	r4, #128	@ 0x80
10001ba4:	0324      	lsls	r4, r4, #12

10001ba6 <l12_2>:
10001ba6:	46a4      	mov	ip, r4
10001ba8:	0d1c      	lsrs	r4, r3, #20
10001baa:	1e67      	subs	r7, r4, #1
10001bac:	053f      	lsls	r7, r7, #20
10001bae:	1bdb      	subs	r3, r3, r7
10001bb0:	0ae7      	lsrs	r7, r4, #11
10001bb2:	0564      	lsls	r4, r4, #21
10001bb4:	0d64      	lsrs	r4, r4, #21
10001bb6:	d002      	beq.n	10001bbe <l13_1>
10001bb8:	1c65      	adds	r5, r4, #1
10001bba:	0aed      	lsrs	r5, r5, #11
10001bbc:	d004      	beq.n	10001bc8 <l13_2>

10001bbe <l13_1>:
10001bbe:	2200      	movs	r2, #0
10001bc0:	2301      	movs	r3, #1
10001bc2:	051b      	lsls	r3, r3, #20
10001bc4:	3c80      	subs	r4, #128	@ 0x80
10001bc6:	0324      	lsls	r4, r4, #12

10001bc8 <l13_2>:
10001bc8:	4077      	eors	r7, r6
10001bca:	4464      	add	r4, ip
10001bcc:	b497      	push	{r0, r1, r2, r4, r7}
10001bce:	b284      	uxth	r4, r0
10001bd0:	b296      	uxth	r6, r2
10001bd2:	4374      	muls	r4, r6
10001bd4:	0c07      	lsrs	r7, r0, #16
10001bd6:	437e      	muls	r6, r7
10001bd8:	0c15      	lsrs	r5, r2, #16
10001bda:	436f      	muls	r7, r5
10001bdc:	b280      	uxth	r0, r0
10001bde:	4368      	muls	r0, r5
10001be0:	1836      	adds	r6, r6, r0
10001be2:	d302      	bcc.n	10001bea <l14_1>
10001be4:	2001      	movs	r0, #1
10001be6:	0400      	lsls	r0, r0, #16
10001be8:	183f      	adds	r7, r7, r0

10001bea <l14_1>:
10001bea:	0430      	lsls	r0, r6, #16
10001bec:	0c35      	lsrs	r5, r6, #16
10001bee:	1900      	adds	r0, r0, r4
10001bf0:	417d      	adcs	r5, r7
10001bf2:	4684      	mov	ip, r0
10001bf4:	b288      	uxth	r0, r1
10001bf6:	b29a      	uxth	r2, r3
10001bf8:	4350      	muls	r0, r2
10001bfa:	0c0c      	lsrs	r4, r1, #16
10001bfc:	4362      	muls	r2, r4
10001bfe:	0c1f      	lsrs	r7, r3, #16
10001c00:	437c      	muls	r4, r7
10001c02:	b28e      	uxth	r6, r1
10001c04:	437e      	muls	r6, r7
10001c06:	1992      	adds	r2, r2, r6
10001c08:	d302      	bcc.n	10001c10 <l15_1>
10001c0a:	2601      	movs	r6, #1
10001c0c:	0436      	lsls	r6, r6, #16
10001c0e:	19a4      	adds	r4, r4, r6

10001c10 <l15_1>:
10001c10:	0416      	lsls	r6, r2, #16
10001c12:	0c17      	lsrs	r7, r2, #16
10001c14:	1836      	adds	r6, r6, r0
10001c16:	4167      	adcs	r7, r4
10001c18:	bc01      	pop	{r0}
10001c1a:	b281      	uxth	r1, r0
10001c1c:	b29a      	uxth	r2, r3
10001c1e:	4351      	muls	r1, r2
10001c20:	0c04      	lsrs	r4, r0, #16
10001c22:	4362      	muls	r2, r4
10001c24:	0c1b      	lsrs	r3, r3, #16
10001c26:	435c      	muls	r4, r3
10001c28:	b280      	uxth	r0, r0
10001c2a:	4358      	muls	r0, r3
10001c2c:	1812      	adds	r2, r2, r0
10001c2e:	d302      	bcc.n	10001c36 <l16_1>
10001c30:	2001      	movs	r0, #1
10001c32:	0400      	lsls	r0, r0, #16
10001c34:	1824      	adds	r4, r4, r0

10001c36 <l16_1>:
10001c36:	0410      	lsls	r0, r2, #16
10001c38:	0c13      	lsrs	r3, r2, #16
10001c3a:	1840      	adds	r0, r0, r1
10001c3c:	4163      	adcs	r3, r4
10001c3e:	182d      	adds	r5, r5, r0
10001c40:	415e      	adcs	r6, r3
10001c42:	2000      	movs	r0, #0
10001c44:	4147      	adcs	r7, r0
10001c46:	bc06      	pop	{r1, r2}
10001c48:	b288      	uxth	r0, r1
10001c4a:	b293      	uxth	r3, r2
10001c4c:	4358      	muls	r0, r3
10001c4e:	0c0c      	lsrs	r4, r1, #16
10001c50:	4363      	muls	r3, r4
10001c52:	0c12      	lsrs	r2, r2, #16
10001c54:	4354      	muls	r4, r2
10001c56:	b289      	uxth	r1, r1
10001c58:	4351      	muls	r1, r2
10001c5a:	185b      	adds	r3, r3, r1
10001c5c:	d302      	bcc.n	10001c64 <l17_1>
10001c5e:	2101      	movs	r1, #1
10001c60:	0409      	lsls	r1, r1, #16
10001c62:	1864      	adds	r4, r4, r1

10001c64 <l17_1>:
10001c64:	0419      	lsls	r1, r3, #16
10001c66:	0c1a      	lsrs	r2, r3, #16
10001c68:	1809      	adds	r1, r1, r0
10001c6a:	4162      	adcs	r2, r4
10001c6c:	186d      	adds	r5, r5, r1
10001c6e:	4156      	adcs	r6, r2
10001c70:	2000      	movs	r0, #0
10001c72:	4147      	adcs	r7, r0
10001c74:	bc18      	pop	{r3, r4}
10001c76:	02f9      	lsls	r1, r7, #11
10001c78:	0d72      	lsrs	r2, r6, #21
10001c7a:	4311      	orrs	r1, r2
10001c7c:	02f0      	lsls	r0, r6, #11
10001c7e:	0d6a      	lsrs	r2, r5, #21
10001c80:	4310      	orrs	r0, r2
10001c82:	02ed      	lsls	r5, r5, #11
10001c84:	0d0a      	lsrs	r2, r1, #20
10001c86:	d103      	bne.n	10001c90 <l17_1+0x2c>
10001c88:	196d      	adds	r5, r5, r5
10001c8a:	4140      	adcs	r0, r0
10001c8c:	4149      	adcs	r1, r1
10001c8e:	3b01      	subs	r3, #1
10001c90:	4e12      	ldr	r6, [pc, #72]	@ (10001cdc <dm_1+0xa>)
10001c92:	1b9b      	subs	r3, r3, r6
10001c94:	0076      	lsls	r6, r6, #1
10001c96:	42b3      	cmp	r3, r6
10001c98:	d20e      	bcs.n	10001cb8 <dm_0>
10001c9a:	006d      	lsls	r5, r5, #1
10001c9c:	d307      	bcc.n	10001cae <l17_1+0x4a>
10001c9e:	3001      	adds	r0, #1
10001ca0:	2600      	movs	r6, #0
10001ca2:	4171      	adcs	r1, r6
10001ca4:	4666      	mov	r6, ip
10001ca6:	4335      	orrs	r5, r6
10001ca8:	d101      	bne.n	10001cae <l17_1+0x4a>
10001caa:	0840      	lsrs	r0, r0, #1
10001cac:	0040      	lsls	r0, r0, #1
10001cae:	051b      	lsls	r3, r3, #20
10001cb0:	18c9      	adds	r1, r1, r3

10001cb2 <dm_2>:
10001cb2:	07e4      	lsls	r4, r4, #31
10001cb4:	4421      	add	r1, r4
10001cb6:	bdf0      	pop	{r4, r5, r6, r7, pc}

10001cb8 <dm_0>:
10001cb8:	da0b      	bge.n	10001cd2 <dm_1>
10001cba:	3301      	adds	r3, #1
10001cbc:	d106      	bne.n	10001ccc <dm_0+0x14>
10001cbe:	3001      	adds	r0, #1
10001cc0:	d104      	bne.n	10001ccc <dm_0+0x14>
10001cc2:	3101      	adds	r1, #1
10001cc4:	0d4f      	lsrs	r7, r1, #21
10001cc6:	d001      	beq.n	10001ccc <dm_0+0x14>
10001cc8:	0849      	lsrs	r1, r1, #1
10001cca:	e7f2      	b.n	10001cb2 <dm_2>
10001ccc:	07e1      	lsls	r1, r4, #31
10001cce:	2000      	movs	r0, #0
10001cd0:	bdf0      	pop	{r4, r5, r6, r7, pc}

10001cd2 <dm_1>:
10001cd2:	3601      	adds	r6, #1
10001cd4:	0531      	lsls	r1, r6, #20
10001cd6:	2000      	movs	r0, #0
10001cd8:	e7eb      	b.n	10001cb2 <dm_2>
10001cda:	0000      	.short	0x0000
10001cdc:	000003ff 	.word	0x000003ff

10001ce0 <ddiv_shim>:
10001ce0:	b5f0      	push	{r4, r5, r6, r7, lr}

10001ce2 <ddiv0>:
10001ce2:	0d1c      	lsrs	r4, r3, #20
10001ce4:	1e67      	subs	r7, r4, #1
10001ce6:	053f      	lsls	r7, r7, #20
10001ce8:	1bdb      	subs	r3, r3, r7
10001cea:	0ae7      	lsrs	r7, r4, #11
10001cec:	0564      	lsls	r4, r4, #21
10001cee:	0d64      	lsrs	r4, r4, #21
10001cf0:	d002      	beq.n	10001cf8 <l20_1>
10001cf2:	1c66      	adds	r6, r4, #1
10001cf4:	0af6      	lsrs	r6, r6, #11
10001cf6:	d004      	beq.n	10001d02 <l20_2>

10001cf8 <l20_1>:
10001cf8:	2200      	movs	r2, #0
10001cfa:	2301      	movs	r3, #1
10001cfc:	051b      	lsls	r3, r3, #20
10001cfe:	3c80      	subs	r4, #128	@ 0x80
10001d00:	0324      	lsls	r4, r4, #12

10001d02 <l20_2>:
10001d02:	25d0      	movs	r5, #208	@ 0xd0
10001d04:	062d      	lsls	r5, r5, #24
10001d06:	2600      	movs	r6, #0
10001d08:	43f6      	mvns	r6, r6
10001d0a:	662e      	str	r6, [r5, #96]	@ 0x60
10001d0c:	091e      	lsrs	r6, r3, #4
10001d0e:	666e      	str	r6, [r5, #100]	@ 0x64
10001d10:	0fce      	lsrs	r6, r1, #31
10001d12:	19f6      	adds	r6, r6, r7
10001d14:	46b4      	mov	ip, r6
10001d16:	0049      	lsls	r1, r1, #1
10001d18:	0d4f      	lsrs	r7, r1, #21
10001d1a:	d002      	beq.n	10001d22 <l20_2+0x20>
10001d1c:	1c7e      	adds	r6, r7, #1
10001d1e:	0af6      	lsrs	r6, r6, #11
10001d20:	d003      	beq.n	10001d2a <l20_2+0x28>
10001d22:	2000      	movs	r0, #0
10001d24:	2100      	movs	r1, #0
10001d26:	3f40      	subs	r7, #64	@ 0x40
10001d28:	033f      	lsls	r7, r7, #12
10001d2a:	1b3e      	subs	r6, r7, r4
10001d2c:	00b6      	lsls	r6, r6, #2
10001d2e:	44b4      	add	ip, r6
10001d30:	3f01      	subs	r7, #1
10001d32:	057f      	lsls	r7, r7, #21
10001d34:	1bc9      	subs	r1, r1, r7
10001d36:	0849      	lsrs	r1, r1, #1
10001d38:	6f2e      	ldr	r6, [r5, #112]	@ 0x70
10001d3a:	3601      	adds	r6, #1
10001d3c:	0876      	lsrs	r6, r6, #1
10001d3e:	029c      	lsls	r4, r3, #10
10001d40:	0d95      	lsrs	r5, r2, #22
10001d42:	4325      	orrs	r5, r4
10001d44:	4375      	muls	r5, r6
10001d46:	13ed      	asrs	r5, r5, #15
10001d48:	4375      	muls	r5, r6
10001d4a:	13ad      	asrs	r5, r5, #14
10001d4c:	3501      	adds	r5, #1
10001d4e:	106d      	asrs	r5, r5, #1
10001d50:	03f6      	lsls	r6, r6, #15
10001d52:	1b76      	subs	r6, r6, r5
10001d54:	b40c      	push	{r2, r3}
10001d56:	02cc      	lsls	r4, r1, #11
10001d58:	0d45      	lsrs	r5, r0, #21
10001d5a:	432c      	orrs	r4, r5
10001d5c:	b2a2      	uxth	r2, r4
10001d5e:	b2b3      	uxth	r3, r6
10001d60:	435a      	muls	r2, r3
10001d62:	0c27      	lsrs	r7, r4, #16
10001d64:	437b      	muls	r3, r7
10001d66:	0c35      	lsrs	r5, r6, #16
10001d68:	436f      	muls	r7, r5
10001d6a:	b2a4      	uxth	r4, r4
10001d6c:	436c      	muls	r4, r5
10001d6e:	191b      	adds	r3, r3, r4
10001d70:	d302      	bcc.n	10001d78 <l21_1>
10001d72:	2401      	movs	r4, #1
10001d74:	0424      	lsls	r4, r4, #16
10001d76:	193f      	adds	r7, r7, r4

10001d78 <l21_1>:
10001d78:	041c      	lsls	r4, r3, #16
10001d7a:	0c1d      	lsrs	r5, r3, #16
10001d7c:	18a4      	adds	r4, r4, r2
10001d7e:	417d      	adcs	r5, r7
10001d80:	1924      	adds	r4, r4, r4
10001d82:	416d      	adcs	r5, r5
10001d84:	9a00      	ldr	r2, [sp, #0]
10001d86:	b291      	uxth	r1, r2
10001d88:	b2ac      	uxth	r4, r5
10001d8a:	4361      	muls	r1, r4
10001d8c:	0c17      	lsrs	r7, r2, #16
10001d8e:	437c      	muls	r4, r7
10001d90:	0c2b      	lsrs	r3, r5, #16
10001d92:	435f      	muls	r7, r3
10001d94:	b292      	uxth	r2, r2
10001d96:	435a      	muls	r2, r3
10001d98:	18a4      	adds	r4, r4, r2
10001d9a:	d302      	bcc.n	10001da2 <l22_1>
10001d9c:	2201      	movs	r2, #1
10001d9e:	0412      	lsls	r2, r2, #16
10001da0:	18bf      	adds	r7, r7, r2

10001da2 <l22_1>:
10001da2:	0422      	lsls	r2, r4, #16
10001da4:	0c23      	lsrs	r3, r4, #16
10001da6:	1852      	adds	r2, r2, r1
10001da8:	417b      	adcs	r3, r7
10001daa:	9c01      	ldr	r4, [sp, #4]
10001dac:	436c      	muls	r4, r5
10001dae:	191b      	adds	r3, r3, r4
10001db0:	0e52      	lsrs	r2, r2, #25
10001db2:	01d9      	lsls	r1, r3, #7
10001db4:	430a      	orrs	r2, r1
10001db6:	0144      	lsls	r4, r0, #5
10001db8:	1aa0      	subs	r0, r4, r2
10001dba:	b281      	uxth	r1, r0
10001dbc:	b2b2      	uxth	r2, r6
10001dbe:	4351      	muls	r1, r2
10001dc0:	1403      	asrs	r3, r0, #16
10001dc2:	435a      	muls	r2, r3
10001dc4:	0c36      	lsrs	r6, r6, #16
10001dc6:	4373      	muls	r3, r6
10001dc8:	b287      	uxth	r7, r0
10001dca:	4377      	muls	r7, r6
10001dcc:	17d6      	asrs	r6, r2, #31
10001dce:	19d2      	adds	r2, r2, r7
10001dd0:	2700      	movs	r7, #0
10001dd2:	417e      	adcs	r6, r7
10001dd4:	0436      	lsls	r6, r6, #16
10001dd6:	199b      	adds	r3, r3, r6
10001dd8:	0417      	lsls	r7, r2, #16
10001dda:	0c16      	lsrs	r6, r2, #16
10001ddc:	187f      	adds	r7, r7, r1
10001dde:	415e      	adcs	r6, r3
10001de0:	1673      	asrs	r3, r6, #25
10001de2:	18ed      	adds	r5, r5, r3
10001de4:	01f3      	lsls	r3, r6, #7
10001de6:	2600      	movs	r6, #0
10001de8:	3380      	adds	r3, #128	@ 0x80
10001dea:	4175      	adcs	r5, r6
10001dec:	0fa9      	lsrs	r1, r5, #30
10001dee:	d106      	bne.n	10001dfe <dd_0>
10001df0:	0064      	lsls	r4, r4, #1
10001df2:	0a69      	lsrs	r1, r5, #9
10001df4:	05e8      	lsls	r0, r5, #23
10001df6:	0a5b      	lsrs	r3, r3, #9
10001df8:	4318      	orrs	r0, r3
10001dfa:	d209      	bcs.n	10001e10 <dd_1>
10001dfc:	e02f      	b.n	10001e5e <dd_2>

10001dfe <dd_0>:
10001dfe:	2204      	movs	r2, #4
10001e00:	4494      	add	ip, r2
10001e02:	3380      	adds	r3, #128	@ 0x80
10001e04:	4175      	adcs	r5, r6
10001e06:	0aa9      	lsrs	r1, r5, #10
10001e08:	05a8      	lsls	r0, r5, #22
10001e0a:	0a9b      	lsrs	r3, r3, #10
10001e0c:	4318      	orrs	r0, r3
10001e0e:	d326      	bcc.n	10001e5e <dd_2>

10001e10 <dd_1>:
10001e10:	4140      	adcs	r0, r0
10001e12:	4149      	adcs	r1, r1
10001e14:	0424      	lsls	r4, r4, #16
10001e16:	9a00      	ldr	r2, [sp, #0]
10001e18:	9b01      	ldr	r3, [sp, #4]
10001e1a:	000d      	movs	r5, r1
10001e1c:	4355      	muls	r5, r2
10001e1e:	1b64      	subs	r4, r4, r5
10001e20:	4343      	muls	r3, r0
10001e22:	1ae4      	subs	r4, r4, r3
10001e24:	b295      	uxth	r5, r2
10001e26:	b286      	uxth	r6, r0
10001e28:	4375      	muls	r5, r6
10001e2a:	0c17      	lsrs	r7, r2, #16
10001e2c:	437e      	muls	r6, r7
10001e2e:	0c03      	lsrs	r3, r0, #16
10001e30:	435f      	muls	r7, r3
10001e32:	b292      	uxth	r2, r2
10001e34:	435a      	muls	r2, r3
10001e36:	18b6      	adds	r6, r6, r2
10001e38:	d302      	bcc.n	10001e40 <l24_1>
10001e3a:	2201      	movs	r2, #1
10001e3c:	0412      	lsls	r2, r2, #16
10001e3e:	18bf      	adds	r7, r7, r2

10001e40 <l24_1>:
10001e40:	0432      	lsls	r2, r6, #16
10001e42:	0c33      	lsrs	r3, r6, #16
10001e44:	1952      	adds	r2, r2, r5
10001e46:	417b      	adcs	r3, r7
10001e48:	4252      	negs	r2, r2
10001e4a:	419c      	sbcs	r4, r3
10001e4c:	2c00      	cmp	r4, #0
10001e4e:	d402      	bmi.n	10001e56 <l24_1+0x16>
10001e50:	2200      	movs	r2, #0
10001e52:	3001      	adds	r0, #1
10001e54:	4151      	adcs	r1, r2
10001e56:	0840      	lsrs	r0, r0, #1
10001e58:	07ca      	lsls	r2, r1, #31
10001e5a:	4310      	orrs	r0, r2
10001e5c:	0849      	lsrs	r1, r1, #1

10001e5e <dd_2>:
10001e5e:	b002      	add	sp, #8
10001e60:	4662      	mov	r2, ip
10001e62:	07d7      	lsls	r7, r2, #31
10001e64:	1092      	asrs	r2, r2, #2
10001e66:	4b08      	ldr	r3, [pc, #32]	@ (10001e88 <dd_4+0x6>)
10001e68:	18d2      	adds	r2, r2, r3
10001e6a:	4b08      	ldr	r3, [pc, #32]	@ (10001e8c <dd_4+0xa>)
10001e6c:	429a      	cmp	r2, r3
10001e6e:	d203      	bcs.n	10001e78 <dd_3>
10001e70:	0512      	lsls	r2, r2, #20
10001e72:	1889      	adds	r1, r1, r2

10001e74 <dd_5>:
10001e74:	19c9      	adds	r1, r1, r7
10001e76:	bdf0      	pop	{r4, r5, r6, r7, pc}

10001e78 <dd_3>:
10001e78:	2000      	movs	r0, #0
10001e7a:	2a00      	cmp	r2, #0
10001e7c:	dc01      	bgt.n	10001e82 <dd_4>
10001e7e:	0039      	movs	r1, r7
10001e80:	bdf0      	pop	{r4, r5, r6, r7, pc}

10001e82 <dd_4>:
10001e82:	3301      	adds	r3, #1
10001e84:	0519      	lsls	r1, r3, #20
10001e86:	e7f5      	b.n	10001e74 <dd_5>
10001e88:	000003fd 	.word	0x000003fd
10001e8c:	000007fe 	.word	0x000007fe

10001e90 <double2uint_shim>:
10001e90:	2200      	movs	r2, #0

10001e92 <double2ufix_shim>:
10001e92:	b500      	push	{lr}
10001e94:	3220      	adds	r2, #32
10001e96:	f000 f804 	bl	10001ea2 <double2ufix64_shim>
10001e9a:	0008      	movs	r0, r1
10001e9c:	bd00      	pop	{pc}
	...

10001ea0 <double2uint64_shim>:
10001ea0:	2200      	movs	r2, #0

10001ea2 <double2ufix64_shim>:
10001ea2:	150b      	asrs	r3, r1, #20
10001ea4:	d40a      	bmi.n	10001ebc <ret_dzero>

10001ea6 <d2fix>:
10001ea6:	b510      	push	{r4, lr}
10001ea8:	4694      	mov	ip, r2
10001eaa:	f000 f831 	bl	10001f10 <dunpacks>
10001eae:	1414      	asrs	r4, r2, #16
10001eb0:	3401      	adds	r4, #1
10001eb2:	da00      	bge.n	10001eb6 <d2fix+0x10>
10001eb4:	2100      	movs	r1, #0
10001eb6:	17cb      	asrs	r3, r1, #31
10001eb8:	4c14      	ldr	r4, [pc, #80]	@ (10001f0c <d2fix_a+0x4a>)
10001eba:	4720      	bx	r4

10001ebc <ret_dzero>:
10001ebc:	2000      	movs	r0, #0
10001ebe:	2100      	movs	r1, #0
10001ec0:	4770      	bx	lr

10001ec2 <d2fix_a>:
10001ec2:	4462      	add	r2, ip
10001ec4:	3a34      	subs	r2, #52	@ 0x34
10001ec6:	d40c      	bmi.n	10001ee2 <d2fix_a+0x20>
10001ec8:	2a0c      	cmp	r2, #12
10001eca:	da07      	bge.n	10001edc <d2fix_a+0x1a>
10001ecc:	0004      	movs	r4, r0
10001ece:	4091      	lsls	r1, r2
10001ed0:	4090      	lsls	r0, r2
10001ed2:	4252      	negs	r2, r2
10001ed4:	3220      	adds	r2, #32
10001ed6:	40d4      	lsrs	r4, r2
10001ed8:	4321      	orrs	r1, r4
10001eda:	bd10      	pop	{r4, pc}
10001edc:	43d8      	mvns	r0, r3
10001ede:	43d9      	mvns	r1, r3
10001ee0:	bd10      	pop	{r4, pc}
10001ee2:	3220      	adds	r2, #32
10001ee4:	d407      	bmi.n	10001ef6 <d2fix_a+0x34>
10001ee6:	460c      	mov	r4, r1
10001ee8:	4094      	lsls	r4, r2
10001eea:	4252      	negs	r2, r2
10001eec:	3220      	adds	r2, #32
10001eee:	4111      	asrs	r1, r2
10001ef0:	40d0      	lsrs	r0, r2
10001ef2:	4320      	orrs	r0, r4
10001ef4:	bd10      	pop	{r4, pc}
10001ef6:	0008      	movs	r0, r1
10001ef8:	17c9      	asrs	r1, r1, #31
10001efa:	3220      	adds	r2, #32
10001efc:	d403      	bmi.n	10001f06 <d2fix_a+0x44>
10001efe:	4252      	negs	r2, r2
10001f00:	3220      	adds	r2, #32
10001f02:	4110      	asrs	r0, r2
10001f04:	bd10      	pop	{r4, pc}
10001f06:	0018      	movs	r0, r3
10001f08:	0019      	movs	r1, r3
10001f0a:	bd10      	pop	{r4, pc}
10001f0c:	10001ec3 	.word	0x10001ec3

10001f10 <dunpacks>:
10001f10:	0d0a      	lsrs	r2, r1, #20
10001f12:	0fcc      	lsrs	r4, r1, #31
10001f14:	1e53      	subs	r3, r2, #1
10001f16:	051b      	lsls	r3, r3, #20
10001f18:	1ac9      	subs	r1, r1, r3
10001f1a:	0552      	lsls	r2, r2, #21
10001f1c:	d303      	bcc.n	10001f26 <l60_1>
10001f1e:	43c9      	mvns	r1, r1
10001f20:	4240      	negs	r0, r0
10001f22:	d300      	bcc.n	10001f26 <l60_1>
10001f24:	3101      	adds	r1, #1

10001f26 <l60_1>:
10001f26:	0d52      	lsrs	r2, r2, #21
10001f28:	d003      	beq.n	10001f32 <l60_2>
10001f2a:	1c53      	adds	r3, r2, #1
10001f2c:	0adb      	lsrs	r3, r3, #11
10001f2e:	d007      	beq.n	10001f40 <l60_3>
10001f30:	1b12      	subs	r2, r2, r4

10001f32 <l60_2>:
10001f32:	2000      	movs	r0, #0
10001f34:	0064      	lsls	r4, r4, #1
10001f36:	1c61      	adds	r1, r4, #1
10001f38:	0789      	lsls	r1, r1, #30
10001f3a:	1289      	asrs	r1, r1, #10
10001f3c:	3a80      	subs	r2, #128	@ 0x80
10001f3e:	0312      	lsls	r2, r2, #12

10001f40 <l60_3>:
10001f40:	4b01      	ldr	r3, [pc, #4]	@ (10001f48 <l60_3+0x8>)
10001f42:	1ad2      	subs	r2, r2, r3
10001f44:	4770      	bx	lr
10001f46:	0000      	.short	0x0000
10001f48:	000003ff 	.word	0x000003ff

10001f4c <__wrap___aeabi_lmul>:
10001f4c:	4351      	muls	r1, r2
10001f4e:	4343      	muls	r3, r0
10001f50:	18c9      	adds	r1, r1, r3
10001f52:	468c      	mov	ip, r1
10001f54:	0c11      	lsrs	r1, r2, #16
10001f56:	b283      	uxth	r3, r0
10001f58:	434b      	muls	r3, r1
10001f5a:	b410      	push	{r4}
10001f5c:	0c04      	lsrs	r4, r0, #16
10001f5e:	4361      	muls	r1, r4
10001f60:	b292      	uxth	r2, r2
10001f62:	b280      	uxth	r0, r0
10001f64:	4350      	muls	r0, r2
10001f66:	4362      	muls	r2, r4
10001f68:	041c      	lsls	r4, r3, #16
10001f6a:	0c1b      	lsrs	r3, r3, #16
10001f6c:	1900      	adds	r0, r0, r4
10001f6e:	bc10      	pop	{r4}
10001f70:	4159      	adcs	r1, r3
10001f72:	0413      	lsls	r3, r2, #16
10001f74:	0c12      	lsrs	r2, r2, #16
10001f76:	18c0      	adds	r0, r0, r3
10001f78:	4151      	adcs	r1, r2
10001f7a:	4461      	add	r1, ip
10001f7c:	4770      	bx	lr
	...

10001f80 <__aeabi_float_init>:
10001f80:	b570      	push	{r4, r5, r6, lr}
10001f82:	2313      	movs	r3, #19
10001f84:	781c      	ldrb	r4, [r3, #0]
10001f86:	482a      	ldr	r0, [pc, #168]	@ (10002030 <__aeabi_float_init+0xb0>)
10001f88:	f7ff f844 	bl	10001014 <rom_data_lookup>
10001f8c:	0005      	movs	r5, r0
10001f8e:	2c01      	cmp	r4, #1
10001f90:	d012      	beq.n	10001fb8 <__aeabi_float_init+0x38>
10001f92:	2c01      	cmp	r4, #1
10001f94:	dd0a      	ble.n	10001fac <__aeabi_float_init+0x2c>
10001f96:	002b      	movs	r3, r5
10001f98:	3b02      	subs	r3, #2
10001f9a:	781b      	ldrb	r3, [r3, #0]
10001f9c:	009b      	lsls	r3, r3, #2
10001f9e:	2b7f      	cmp	r3, #127	@ 0x7f
10001fa0:	dd40      	ble.n	10002024 <__aeabi_float_init+0xa4>
10001fa2:	4824      	ldr	r0, [pc, #144]	@ (10002034 <__aeabi_float_init+0xb4>)
10001fa4:	2280      	movs	r2, #128	@ 0x80
10001fa6:	0029      	movs	r1, r5
10001fa8:	f000 f88a 	bl	100020c0 <__wrap___aeabi_memcpy>
10001fac:	4822      	ldr	r0, [pc, #136]	@ (10002038 <__aeabi_float_init+0xb8>)
10001fae:	f7ff f829 	bl	10001004 <rom_func_lookup>
10001fb2:	4b22      	ldr	r3, [pc, #136]	@ (1000203c <__aeabi_float_init+0xbc>)
10001fb4:	6018      	str	r0, [r3, #0]
10001fb6:	bd70      	pop	{r4, r5, r6, pc}
10001fb8:	481e      	ldr	r0, [pc, #120]	@ (10002034 <__aeabi_float_init+0xb4>)
10001fba:	2254      	movs	r2, #84	@ 0x54
10001fbc:	0029      	movs	r1, r5
10001fbe:	f000 f87f 	bl	100020c0 <__wrap___aeabi_memcpy>
10001fc2:	4b1f      	ldr	r3, [pc, #124]	@ (10002040 <__aeabi_float_init+0xc0>)
10001fc4:	881a      	ldrh	r2, [r3, #0]
10001fc6:	4b1f      	ldr	r3, [pc, #124]	@ (10002044 <__aeabi_float_init+0xc4>)
10001fc8:	429a      	cmp	r2, r3
10001fca:	d11c      	bne.n	10002006 <__aeabi_float_init+0x86>
10001fcc:	23a7      	movs	r3, #167	@ 0xa7
10001fce:	019b      	lsls	r3, r3, #6
10001fd0:	881a      	ldrh	r2, [r3, #0]
10001fd2:	4b1d      	ldr	r3, [pc, #116]	@ (10002048 <__aeabi_float_init+0xc8>)
10001fd4:	429a      	cmp	r2, r3
10001fd6:	d116      	bne.n	10002006 <__aeabi_float_init+0x86>
10001fd8:	4b1c      	ldr	r3, [pc, #112]	@ (1000204c <__aeabi_float_init+0xcc>)
10001fda:	881a      	ldrh	r2, [r3, #0]
10001fdc:	4b1c      	ldr	r3, [pc, #112]	@ (10002050 <__aeabi_float_init+0xd0>)
10001fde:	429a      	cmp	r2, r3
10001fe0:	d111      	bne.n	10002006 <__aeabi_float_init+0x86>
10001fe2:	4b1c      	ldr	r3, [pc, #112]	@ (10002054 <__aeabi_float_init+0xd4>)
10001fe4:	881a      	ldrh	r2, [r3, #0]
10001fe6:	2394      	movs	r3, #148	@ 0x94
10001fe8:	019b      	lsls	r3, r3, #6
10001fea:	429a      	cmp	r2, r3
10001fec:	d10b      	bne.n	10002006 <__aeabi_float_init+0x86>
10001fee:	4b1a      	ldr	r3, [pc, #104]	@ (10002058 <__aeabi_float_init+0xd8>)
10001ff0:	881a      	ldrh	r2, [r3, #0]
10001ff2:	4b1a      	ldr	r3, [pc, #104]	@ (1000205c <__aeabi_float_init+0xdc>)
10001ff4:	429a      	cmp	r2, r3
10001ff6:	d106      	bne.n	10002006 <__aeabi_float_init+0x86>
10001ff8:	4b19      	ldr	r3, [pc, #100]	@ (10002060 <__aeabi_float_init+0xe0>)
10001ffa:	681a      	ldr	r2, [r3, #0]
10001ffc:	4b19      	ldr	r3, [pc, #100]	@ (10002064 <__aeabi_float_init+0xe4>)
10001ffe:	429a      	cmp	r2, r3
10002000:	d101      	bne.n	10002006 <__aeabi_float_init+0x86>
10002002:	2315      	movs	r3, #21
10002004:	e007      	b.n	10002016 <__aeabi_float_init+0x96>
10002006:	4818      	ldr	r0, [pc, #96]	@ (10002068 <__aeabi_float_init+0xe8>)
10002008:	f7fe f978 	bl	100002fc <panic>
1000200c:	4917      	ldr	r1, [pc, #92]	@ (1000206c <__aeabi_float_init+0xec>)
1000200e:	4a09      	ldr	r2, [pc, #36]	@ (10002034 <__aeabi_float_init+0xb4>)
10002010:	0098      	lsls	r0, r3, #2
10002012:	5081      	str	r1, [r0, r2]
10002014:	3301      	adds	r3, #1
10002016:	2b1f      	cmp	r3, #31
10002018:	d9f8      	bls.n	1000200c <__aeabi_float_init+0x8c>
1000201a:	4b14      	ldr	r3, [pc, #80]	@ (1000206c <__aeabi_float_init+0xec>)
1000201c:	4a05      	ldr	r2, [pc, #20]	@ (10002034 <__aeabi_float_init+0xb4>)
1000201e:	6213      	str	r3, [r2, #32]
10002020:	61d3      	str	r3, [r2, #28]
10002022:	e7b6      	b.n	10001f92 <__aeabi_float_init+0x12>
10002024:	4b12      	ldr	r3, [pc, #72]	@ (10002070 <__aeabi_float_init+0xf0>)
10002026:	4a13      	ldr	r2, [pc, #76]	@ (10002074 <__aeabi_float_init+0xf4>)
10002028:	4813      	ldr	r0, [pc, #76]	@ (10002078 <__aeabi_float_init+0xf8>)
1000202a:	2143      	movs	r1, #67	@ 0x43
1000202c:	f001 f948 	bl	100032c0 <__assert_func>
10002030:	00004653 	.word	0x00004653
10002034:	20000550 	.word	0x20000550
10002038:	0000334c 	.word	0x0000334c
1000203c:	2000054c 	.word	0x2000054c
10002040:	000029ee 	.word	0x000029ee
10002044:	00000fc4 	.word	0x00000fc4
10002048:	00000dc2 	.word	0x00000dc2
1000204c:	00002b96 	.word	0x00002b96
10002050:	0000b5c0 	.word	0x0000b5c0
10002054:	00002b18 	.word	0x00002b18
10002058:	00002acc 	.word	0x00002acc
1000205c:	0000b510 	.word	0x0000b510
10002060:	00002cfc 	.word	0x00002cfc
10002064:	6487ed51 	.word	0x6487ed51
10002068:	10003b3c 	.word	0x10003b3c
1000206c:	1000207d 	.word	0x1000207d
10002070:	10003a54 	.word	0x10003a54
10002074:	10003c14 	.word	0x10003c14
10002078:	10003a88 	.word	0x10003a88

1000207c <float_table_shim_on_use_helper>:
1000207c:	b507      	push	{r0, r1, r2, lr}
1000207e:	4660      	mov	r0, ip
10002080:	2800      	cmp	r0, #0
10002082:	d100      	bne.n	10002086 <float_table_shim_on_use_helper+0xa>
10002084:	be00      	bkpt	0x0000
10002086:	8801      	ldrh	r1, [r0, #0]
10002088:	0a0a      	lsrs	r2, r1, #8
1000208a:	3002      	adds	r0, #2
1000208c:	2adf      	cmp	r2, #223	@ 0xdf
1000208e:	d1fa      	bne.n	10002086 <float_table_shim_on_use_helper+0xa>
10002090:	b2c9      	uxtb	r1, r1
10002092:	0882      	lsrs	r2, r0, #2
10002094:	d304      	bcc.n	100020a0 <float_table_shim_on_use_helper+0x24>
10002096:	8802      	ldrh	r2, [r0, #0]
10002098:	8840      	ldrh	r0, [r0, #2]
1000209a:	0400      	lsls	r0, r0, #16
1000209c:	4310      	orrs	r0, r2
1000209e:	e000      	b.n	100020a2 <float_table_shim_on_use_helper+0x26>
100020a0:	6800      	ldr	r0, [r0, #0]
100020a2:	4a02      	ldr	r2, [pc, #8]	@ (100020ac <float_table_shim_on_use_helper+0x30>)
100020a4:	5050      	str	r0, [r2, r1]
100020a6:	9003      	str	r0, [sp, #12]
100020a8:	bd07      	pop	{r0, r1, r2, pc}
100020aa:	0000      	.short	0x0000
100020ac:	20000550 	.word	0x20000550

100020b0 <__aeabi_mem_init>:
100020b0:	4801      	ldr	r0, [pc, #4]	@ (100020b8 <__aeabi_mem_init+0x8>)
100020b2:	2104      	movs	r1, #4
100020b4:	4b01      	ldr	r3, [pc, #4]	@ (100020bc <__aeabi_mem_init+0xc>)
100020b6:	4718      	bx	r3
100020b8:	20000270 	.word	0x20000270
100020bc:	10001025 	.word	0x10001025

100020c0 <__wrap___aeabi_memcpy>:
100020c0:	4b01      	ldr	r3, [pc, #4]	@ (100020c8 <__wrap___aeabi_memcpy+0x8>)
100020c2:	685b      	ldr	r3, [r3, #4]
100020c4:	4718      	bx	r3
100020c6:	0000      	.short	0x0000
100020c8:	20000270 	.word	0x20000270

100020cc <_out_null>:
100020cc:	4770      	bx	lr

100020ce <_out_fct>:
100020ce:	b510      	push	{r4, lr}
100020d0:	2800      	cmp	r0, #0
100020d2:	d002      	beq.n	100020da <_out_fct+0xc>
100020d4:	680b      	ldr	r3, [r1, #0]
100020d6:	6849      	ldr	r1, [r1, #4]
100020d8:	4798      	blx	r3
100020da:	bd10      	pop	{r4, pc}

100020dc <_atoi>:
100020dc:	0001      	movs	r1, r0
100020de:	2000      	movs	r0, #0
100020e0:	e007      	b.n	100020f2 <_atoi+0x16>
100020e2:	0083      	lsls	r3, r0, #2
100020e4:	181b      	adds	r3, r3, r0
100020e6:	005b      	lsls	r3, r3, #1
100020e8:	1c50      	adds	r0, r2, #1
100020ea:	6008      	str	r0, [r1, #0]
100020ec:	7810      	ldrb	r0, [r2, #0]
100020ee:	18c0      	adds	r0, r0, r3
100020f0:	3830      	subs	r0, #48	@ 0x30
100020f2:	680a      	ldr	r2, [r1, #0]
100020f4:	7813      	ldrb	r3, [r2, #0]
100020f6:	3b30      	subs	r3, #48	@ 0x30
100020f8:	b2db      	uxtb	r3, r3
100020fa:	2b09      	cmp	r3, #9
100020fc:	d9f1      	bls.n	100020e2 <_atoi+0x6>
100020fe:	4770      	bx	lr

10002100 <_out_rev>:
10002100:	b5f0      	push	{r4, r5, r6, r7, lr}
10002102:	46d6      	mov	lr, sl
10002104:	464f      	mov	r7, r9
10002106:	4646      	mov	r6, r8
10002108:	b5c0      	push	{r6, r7, lr}
1000210a:	0005      	movs	r5, r0
1000210c:	000e      	movs	r6, r1
1000210e:	0010      	movs	r0, r2
10002110:	4691      	mov	r9, r2
10002112:	001f      	movs	r7, r3
10002114:	9c09      	ldr	r4, [sp, #36]	@ 0x24
10002116:	9b0b      	ldr	r3, [sp, #44]	@ 0x2c
10002118:	2202      	movs	r2, #2
1000211a:	0011      	movs	r1, r2
1000211c:	4019      	ands	r1, r3
1000211e:	468a      	mov	sl, r1
10002120:	421a      	tst	r2, r3
10002122:	d134      	bne.n	1000218e <_out_rev+0x8e>
10002124:	07db      	lsls	r3, r3, #31
10002126:	d516      	bpl.n	10002156 <_out_rev+0x56>
10002128:	0002      	movs	r2, r0
1000212a:	46b8      	mov	r8, r7
1000212c:	0037      	movs	r7, r6
1000212e:	002e      	movs	r6, r5
10002130:	e01f      	b.n	10002172 <_out_rev+0x72>
10002132:	1c55      	adds	r5, r2, #1
10002134:	0033      	movs	r3, r6
10002136:	4641      	mov	r1, r8
10002138:	2020      	movs	r0, #32
1000213a:	47b8      	blx	r7
1000213c:	3401      	adds	r4, #1
1000213e:	002a      	movs	r2, r5
10002140:	9b0a      	ldr	r3, [sp, #40]	@ 0x28
10002142:	429c      	cmp	r4, r3
10002144:	d3f5      	bcc.n	10002132 <_out_rev+0x32>
10002146:	003d      	movs	r5, r7
10002148:	0037      	movs	r7, r6
1000214a:	4646      	mov	r6, r8
1000214c:	9c09      	ldr	r4, [sp, #36]	@ 0x24
1000214e:	46b8      	mov	r8, r7
10002150:	0037      	movs	r7, r6
10002152:	002e      	movs	r6, r5
10002154:	e00d      	b.n	10002172 <_out_rev+0x72>
10002156:	0002      	movs	r2, r0
10002158:	46b0      	mov	r8, r6
1000215a:	003e      	movs	r6, r7
1000215c:	002f      	movs	r7, r5
1000215e:	9409      	str	r4, [sp, #36]	@ 0x24
10002160:	e7ee      	b.n	10002140 <_out_rev+0x40>
10002162:	3c01      	subs	r4, #1
10002164:	1c55      	adds	r5, r2, #1
10002166:	9b08      	ldr	r3, [sp, #32]
10002168:	5d18      	ldrb	r0, [r3, r4]
1000216a:	4643      	mov	r3, r8
1000216c:	0039      	movs	r1, r7
1000216e:	47b0      	blx	r6
10002170:	002a      	movs	r2, r5
10002172:	2c00      	cmp	r4, #0
10002174:	d1f5      	bne.n	10002162 <_out_rev+0x62>
10002176:	0035      	movs	r5, r6
10002178:	003e      	movs	r6, r7
1000217a:	4647      	mov	r7, r8
1000217c:	4653      	mov	r3, sl
1000217e:	2b00      	cmp	r3, #0
10002180:	d116      	bne.n	100021b0 <_out_rev+0xb0>
10002182:	0010      	movs	r0, r2
10002184:	bce0      	pop	{r5, r6, r7}
10002186:	46ba      	mov	sl, r7
10002188:	46b1      	mov	r9, r6
1000218a:	46a8      	mov	r8, r5
1000218c:	bdf0      	pop	{r4, r5, r6, r7, pc}
1000218e:	0002      	movs	r2, r0
10002190:	46b8      	mov	r8, r7
10002192:	0037      	movs	r7, r6
10002194:	002e      	movs	r6, r5
10002196:	e7ec      	b.n	10002172 <_out_rev+0x72>
10002198:	1c54      	adds	r4, r2, #1
1000219a:	0033      	movs	r3, r6
1000219c:	0029      	movs	r1, r5
1000219e:	2020      	movs	r0, #32
100021a0:	47b8      	blx	r7
100021a2:	0022      	movs	r2, r4
100021a4:	464b      	mov	r3, r9
100021a6:	1ad3      	subs	r3, r2, r3
100021a8:	990a      	ldr	r1, [sp, #40]	@ 0x28
100021aa:	428b      	cmp	r3, r1
100021ac:	d3f4      	bcc.n	10002198 <_out_rev+0x98>
100021ae:	e7e8      	b.n	10002182 <_out_rev+0x82>
100021b0:	003b      	movs	r3, r7
100021b2:	002f      	movs	r7, r5
100021b4:	0035      	movs	r5, r6
100021b6:	001e      	movs	r6, r3
100021b8:	e7f4      	b.n	100021a4 <_out_rev+0xa4>

100021ba <_ntoa_format>:
100021ba:	b5f0      	push	{r4, r5, r6, r7, lr}
100021bc:	46ce      	mov	lr, r9
100021be:	4647      	mov	r7, r8
100021c0:	b580      	push	{r7, lr}
100021c2:	b085      	sub	sp, #20
100021c4:	0006      	movs	r6, r0
100021c6:	000f      	movs	r7, r1
100021c8:	4690      	mov	r8, r2
100021ca:	4699      	mov	r9, r3
100021cc:	9a0c      	ldr	r2, [sp, #48]	@ 0x30
100021ce:	9b0d      	ldr	r3, [sp, #52]	@ 0x34
100021d0:	a90e      	add	r1, sp, #56	@ 0x38
100021d2:	7809      	ldrb	r1, [r1, #0]
100021d4:	468c      	mov	ip, r1
100021d6:	9d10      	ldr	r5, [sp, #64]	@ 0x40
100021d8:	9c11      	ldr	r4, [sp, #68]	@ 0x44
100021da:	9912      	ldr	r1, [sp, #72]	@ 0x48
100021dc:	0788      	lsls	r0, r1, #30
100021de:	d41c      	bmi.n	1000221a <_ntoa_format+0x60>
100021e0:	2c00      	cmp	r4, #0
100021e2:	d00c      	beq.n	100021fe <_ntoa_format+0x44>
100021e4:	07c8      	lsls	r0, r1, #31
100021e6:	d50a      	bpl.n	100021fe <_ntoa_format+0x44>
100021e8:	4660      	mov	r0, ip
100021ea:	2800      	cmp	r0, #0
100021ec:	d102      	bne.n	100021f4 <_ntoa_format+0x3a>
100021ee:	300c      	adds	r0, #12
100021f0:	4208      	tst	r0, r1
100021f2:	d004      	beq.n	100021fe <_ntoa_format+0x44>
100021f4:	3c01      	subs	r4, #1
100021f6:	e002      	b.n	100021fe <_ntoa_format+0x44>
100021f8:	2030      	movs	r0, #48	@ 0x30
100021fa:	54d0      	strb	r0, [r2, r3]
100021fc:	3301      	adds	r3, #1
100021fe:	42ab      	cmp	r3, r5
10002200:	d201      	bcs.n	10002206 <_ntoa_format+0x4c>
10002202:	2b1f      	cmp	r3, #31
10002204:	d9f8      	bls.n	100021f8 <_ntoa_format+0x3e>
10002206:	07c8      	lsls	r0, r1, #31
10002208:	d507      	bpl.n	1000221a <_ntoa_format+0x60>
1000220a:	42a3      	cmp	r3, r4
1000220c:	d205      	bcs.n	1000221a <_ntoa_format+0x60>
1000220e:	2b1f      	cmp	r3, #31
10002210:	d803      	bhi.n	1000221a <_ntoa_format+0x60>
10002212:	2030      	movs	r0, #48	@ 0x30
10002214:	54d0      	strb	r0, [r2, r3]
10002216:	3301      	adds	r3, #1
10002218:	e7f5      	b.n	10002206 <_ntoa_format+0x4c>
1000221a:	06c8      	lsls	r0, r1, #27
1000221c:	d512      	bpl.n	10002244 <_ntoa_format+0x8a>
1000221e:	0548      	lsls	r0, r1, #21
10002220:	d405      	bmi.n	1000222e <_ntoa_format+0x74>
10002222:	2b00      	cmp	r3, #0
10002224:	d003      	beq.n	1000222e <_ntoa_format+0x74>
10002226:	42ab      	cmp	r3, r5
10002228:	d023      	beq.n	10002272 <_ntoa_format+0xb8>
1000222a:	42a3      	cmp	r3, r4
1000222c:	d021      	beq.n	10002272 <_ntoa_format+0xb8>
1000222e:	980f      	ldr	r0, [sp, #60]	@ 0x3c
10002230:	2810      	cmp	r0, #16
10002232:	d031      	beq.n	10002298 <_ntoa_format+0xde>
10002234:	980f      	ldr	r0, [sp, #60]	@ 0x3c
10002236:	2802      	cmp	r0, #2
10002238:	d038      	beq.n	100022ac <_ntoa_format+0xf2>
1000223a:	2b1f      	cmp	r3, #31
1000223c:	d80a      	bhi.n	10002254 <_ntoa_format+0x9a>
1000223e:	2030      	movs	r0, #48	@ 0x30
10002240:	54d0      	strb	r0, [r2, r3]
10002242:	3301      	adds	r3, #1
10002244:	2b1f      	cmp	r3, #31
10002246:	d805      	bhi.n	10002254 <_ntoa_format+0x9a>
10002248:	4660      	mov	r0, ip
1000224a:	2800      	cmp	r0, #0
1000224c:	d034      	beq.n	100022b8 <_ntoa_format+0xfe>
1000224e:	202d      	movs	r0, #45	@ 0x2d
10002250:	54d0      	strb	r0, [r2, r3]
10002252:	3301      	adds	r3, #1
10002254:	9103      	str	r1, [sp, #12]
10002256:	9402      	str	r4, [sp, #8]
10002258:	9301      	str	r3, [sp, #4]
1000225a:	9200      	str	r2, [sp, #0]
1000225c:	464b      	mov	r3, r9
1000225e:	4642      	mov	r2, r8
10002260:	0039      	movs	r1, r7
10002262:	0030      	movs	r0, r6
10002264:	f7ff ff4c 	bl	10002100 <_out_rev>
10002268:	b005      	add	sp, #20
1000226a:	bcc0      	pop	{r6, r7}
1000226c:	46b9      	mov	r9, r7
1000226e:	46b0      	mov	r8, r6
10002270:	bdf0      	pop	{r4, r5, r6, r7, pc}
10002272:	1e58      	subs	r0, r3, #1
10002274:	2b01      	cmp	r3, #1
10002276:	d017      	beq.n	100022a8 <_ntoa_format+0xee>
10002278:	9d0f      	ldr	r5, [sp, #60]	@ 0x3c
1000227a:	2d10      	cmp	r5, #16
1000227c:	d00b      	beq.n	10002296 <_ntoa_format+0xdc>
1000227e:	0003      	movs	r3, r0
10002280:	980f      	ldr	r0, [sp, #60]	@ 0x3c
10002282:	2810      	cmp	r0, #16
10002284:	d1d6      	bne.n	10002234 <_ntoa_format+0x7a>
10002286:	0688      	lsls	r0, r1, #26
10002288:	d5d4      	bpl.n	10002234 <_ntoa_format+0x7a>
1000228a:	2b1f      	cmp	r3, #31
1000228c:	d8d2      	bhi.n	10002234 <_ntoa_format+0x7a>
1000228e:	2058      	movs	r0, #88	@ 0x58
10002290:	54d0      	strb	r0, [r2, r3]
10002292:	3301      	adds	r3, #1
10002294:	e7d1      	b.n	1000223a <_ntoa_format+0x80>
10002296:	3b02      	subs	r3, #2
10002298:	0688      	lsls	r0, r1, #26
1000229a:	d4f1      	bmi.n	10002280 <_ntoa_format+0xc6>
1000229c:	2b1f      	cmp	r3, #31
1000229e:	d8ef      	bhi.n	10002280 <_ntoa_format+0xc6>
100022a0:	2078      	movs	r0, #120	@ 0x78
100022a2:	54d0      	strb	r0, [r2, r3]
100022a4:	3301      	adds	r3, #1
100022a6:	e7c8      	b.n	1000223a <_ntoa_format+0x80>
100022a8:	0003      	movs	r3, r0
100022aa:	e7c0      	b.n	1000222e <_ntoa_format+0x74>
100022ac:	2b1f      	cmp	r3, #31
100022ae:	d8d1      	bhi.n	10002254 <_ntoa_format+0x9a>
100022b0:	3060      	adds	r0, #96	@ 0x60
100022b2:	54d0      	strb	r0, [r2, r3]
100022b4:	3301      	adds	r3, #1
100022b6:	e7c0      	b.n	1000223a <_ntoa_format+0x80>
100022b8:	0748      	lsls	r0, r1, #29
100022ba:	d503      	bpl.n	100022c4 <_ntoa_format+0x10a>
100022bc:	202b      	movs	r0, #43	@ 0x2b
100022be:	54d0      	strb	r0, [r2, r3]
100022c0:	3301      	adds	r3, #1
100022c2:	e7c7      	b.n	10002254 <_ntoa_format+0x9a>
100022c4:	0708      	lsls	r0, r1, #28
100022c6:	d5c5      	bpl.n	10002254 <_ntoa_format+0x9a>
100022c8:	2020      	movs	r0, #32
100022ca:	54d0      	strb	r0, [r2, r3]
100022cc:	3301      	adds	r3, #1
100022ce:	e7c1      	b.n	10002254 <_ntoa_format+0x9a>

100022d0 <_ntoa_long>:
100022d0:	b5f0      	push	{r4, r5, r6, r7, lr}
100022d2:	46de      	mov	lr, fp
100022d4:	4657      	mov	r7, sl
100022d6:	464e      	mov	r6, r9
100022d8:	4645      	mov	r5, r8
100022da:	b5e0      	push	{r5, r6, r7, lr}
100022dc:	b093      	sub	sp, #76	@ 0x4c
100022de:	4680      	mov	r8, r0
100022e0:	4689      	mov	r9, r1
100022e2:	4692      	mov	sl, r2
100022e4:	469b      	mov	fp, r3
100022e6:	ab1c      	add	r3, sp, #112	@ 0x70
100022e8:	cb10      	ldmia	r3!, {r4}
100022ea:	781b      	ldrb	r3, [r3, #0]
100022ec:	9309      	str	r3, [sp, #36]	@ 0x24
100022ee:	9d1e      	ldr	r5, [sp, #120]	@ 0x78
100022f0:	2c00      	cmp	r4, #0
100022f2:	d103      	bne.n	100022fc <_ntoa_long+0x2c>
100022f4:	2310      	movs	r3, #16
100022f6:	9a21      	ldr	r2, [sp, #132]	@ 0x84
100022f8:	439a      	bics	r2, r3
100022fa:	9221      	str	r2, [sp, #132]	@ 0x84
100022fc:	2380      	movs	r3, #128	@ 0x80
100022fe:	00db      	lsls	r3, r3, #3
10002300:	9e21      	ldr	r6, [sp, #132]	@ 0x84
10002302:	401e      	ands	r6, r3
10002304:	9a21      	ldr	r2, [sp, #132]	@ 0x84
10002306:	421a      	tst	r2, r3
10002308:	d018      	beq.n	1000233c <_ntoa_long+0x6c>
1000230a:	2c00      	cmp	r4, #0
1000230c:	d022      	beq.n	10002354 <_ntoa_long+0x84>
1000230e:	2600      	movs	r6, #0
10002310:	e014      	b.n	1000233c <_ntoa_long+0x6c>
10002312:	9a21      	ldr	r2, [sp, #132]	@ 0x84
10002314:	0692      	lsls	r2, r2, #26
10002316:	d51b      	bpl.n	10002350 <_ntoa_long+0x80>
10002318:	2141      	movs	r1, #65	@ 0x41
1000231a:	18c9      	adds	r1, r1, r3
1000231c:	b2c9      	uxtb	r1, r1
1000231e:	390a      	subs	r1, #10
10002320:	b2c9      	uxtb	r1, r1
10002322:	1c77      	adds	r7, r6, #1
10002324:	ab0a      	add	r3, sp, #40	@ 0x28
10002326:	5599      	strb	r1, [r3, r6]
10002328:	0029      	movs	r1, r5
1000232a:	0020      	movs	r0, r4
1000232c:	f7fe ffd2 	bl	100012d4 <__wrap___aeabi_uidiv>
10002330:	42ac      	cmp	r4, r5
10002332:	d310      	bcc.n	10002356 <_ntoa_long+0x86>
10002334:	2f1f      	cmp	r7, #31
10002336:	d80e      	bhi.n	10002356 <_ntoa_long+0x86>
10002338:	003e      	movs	r6, r7
1000233a:	0004      	movs	r4, r0
1000233c:	0029      	movs	r1, r5
1000233e:	0020      	movs	r0, r4
10002340:	f7fe ffc8 	bl	100012d4 <__wrap___aeabi_uidiv>
10002344:	b2cb      	uxtb	r3, r1
10002346:	2b09      	cmp	r3, #9
10002348:	d8e3      	bhi.n	10002312 <_ntoa_long+0x42>
1000234a:	3330      	adds	r3, #48	@ 0x30
1000234c:	b2d9      	uxtb	r1, r3
1000234e:	e7e8      	b.n	10002322 <_ntoa_long+0x52>
10002350:	2161      	movs	r1, #97	@ 0x61
10002352:	e7e2      	b.n	1000231a <_ntoa_long+0x4a>
10002354:	0027      	movs	r7, r4
10002356:	9b21      	ldr	r3, [sp, #132]	@ 0x84
10002358:	9306      	str	r3, [sp, #24]
1000235a:	9b20      	ldr	r3, [sp, #128]	@ 0x80
1000235c:	9305      	str	r3, [sp, #20]
1000235e:	9b1f      	ldr	r3, [sp, #124]	@ 0x7c
10002360:	9304      	str	r3, [sp, #16]
10002362:	9503      	str	r5, [sp, #12]
10002364:	9b09      	ldr	r3, [sp, #36]	@ 0x24
10002366:	9302      	str	r3, [sp, #8]
10002368:	9701      	str	r7, [sp, #4]
1000236a:	ab0a      	add	r3, sp, #40	@ 0x28
1000236c:	9300      	str	r3, [sp, #0]
1000236e:	465b      	mov	r3, fp
10002370:	4652      	mov	r2, sl
10002372:	4649      	mov	r1, r9
10002374:	4640      	mov	r0, r8
10002376:	f7ff ff20 	bl	100021ba <_ntoa_format>
1000237a:	b013      	add	sp, #76	@ 0x4c
1000237c:	bcf0      	pop	{r4, r5, r6, r7}
1000237e:	46bb      	mov	fp, r7
10002380:	46b2      	mov	sl, r6
10002382:	46a9      	mov	r9, r5
10002384:	46a0      	mov	r8, r4
10002386:	bdf0      	pop	{r4, r5, r6, r7, pc}

10002388 <_ntoa_long_long>:
10002388:	b5f0      	push	{r4, r5, r6, r7, lr}
1000238a:	46de      	mov	lr, fp
1000238c:	4657      	mov	r7, sl
1000238e:	464e      	mov	r6, r9
10002390:	4645      	mov	r5, r8
10002392:	b5e0      	push	{r5, r6, r7, lr}
10002394:	b095      	sub	sp, #84	@ 0x54
10002396:	4683      	mov	fp, r0
10002398:	9108      	str	r1, [sp, #32]
1000239a:	9209      	str	r2, [sp, #36]	@ 0x24
1000239c:	930a      	str	r3, [sp, #40]	@ 0x28
1000239e:	9b1e      	ldr	r3, [sp, #120]	@ 0x78
100023a0:	4699      	mov	r9, r3
100023a2:	9f1f      	ldr	r7, [sp, #124]	@ 0x7c
100023a4:	ab20      	add	r3, sp, #128	@ 0x80
100023a6:	781b      	ldrb	r3, [r3, #0]
100023a8:	930b      	str	r3, [sp, #44]	@ 0x2c
100023aa:	9b22      	ldr	r3, [sp, #136]	@ 0x88
100023ac:	4698      	mov	r8, r3
100023ae:	9c23      	ldr	r4, [sp, #140]	@ 0x8c
100023b0:	464b      	mov	r3, r9
100023b2:	433b      	orrs	r3, r7
100023b4:	d103      	bne.n	100023be <_ntoa_long_long+0x36>
100023b6:	3310      	adds	r3, #16
100023b8:	9a26      	ldr	r2, [sp, #152]	@ 0x98
100023ba:	439a      	bics	r2, r3
100023bc:	9226      	str	r2, [sp, #152]	@ 0x98
100023be:	2380      	movs	r3, #128	@ 0x80
100023c0:	00db      	lsls	r3, r3, #3
100023c2:	9d26      	ldr	r5, [sp, #152]	@ 0x98
100023c4:	401d      	ands	r5, r3
100023c6:	9a26      	ldr	r2, [sp, #152]	@ 0x98
100023c8:	421a      	tst	r2, r3
100023ca:	d008      	beq.n	100023de <_ntoa_long_long+0x56>
100023cc:	464b      	mov	r3, r9
100023ce:	433b      	orrs	r3, r7
100023d0:	d039      	beq.n	10002446 <_ntoa_long_long+0xbe>
100023d2:	2500      	movs	r5, #0
100023d4:	464e      	mov	r6, r9
100023d6:	0023      	movs	r3, r4
100023d8:	002c      	movs	r4, r5
100023da:	001d      	movs	r5, r3
100023dc:	e01f      	b.n	1000241e <_ntoa_long_long+0x96>
100023de:	464e      	mov	r6, r9
100023e0:	0023      	movs	r3, r4
100023e2:	002c      	movs	r4, r5
100023e4:	001d      	movs	r5, r3
100023e6:	e01a      	b.n	1000241e <_ntoa_long_long+0x96>
100023e8:	9a26      	ldr	r2, [sp, #152]	@ 0x98
100023ea:	0692      	lsls	r2, r2, #26
100023ec:	d523      	bpl.n	10002436 <_ntoa_long_long+0xae>
100023ee:	2241      	movs	r2, #65	@ 0x41
100023f0:	18d2      	adds	r2, r2, r3
100023f2:	b2d2      	uxtb	r2, r2
100023f4:	3a0a      	subs	r2, #10
100023f6:	b2d2      	uxtb	r2, r2
100023f8:	1c63      	adds	r3, r4, #1
100023fa:	469a      	mov	sl, r3
100023fc:	ab0c      	add	r3, sp, #48	@ 0x30
100023fe:	551a      	strb	r2, [r3, r4]
10002400:	4642      	mov	r2, r8
10002402:	002b      	movs	r3, r5
10002404:	0030      	movs	r0, r6
10002406:	0039      	movs	r1, r7
10002408:	f7fe ffa2 	bl	10001350 <__wrap___aeabi_uldivmod>
1000240c:	42bd      	cmp	r5, r7
1000240e:	d81c      	bhi.n	1000244a <_ntoa_long_long+0xc2>
10002410:	d013      	beq.n	1000243a <_ntoa_long_long+0xb2>
10002412:	4653      	mov	r3, sl
10002414:	2b1f      	cmp	r3, #31
10002416:	d814      	bhi.n	10002442 <_ntoa_long_long+0xba>
10002418:	4654      	mov	r4, sl
1000241a:	0006      	movs	r6, r0
1000241c:	000f      	movs	r7, r1
1000241e:	4642      	mov	r2, r8
10002420:	002b      	movs	r3, r5
10002422:	0030      	movs	r0, r6
10002424:	0039      	movs	r1, r7
10002426:	f7fe ff93 	bl	10001350 <__wrap___aeabi_uldivmod>
1000242a:	b2d3      	uxtb	r3, r2
1000242c:	2b09      	cmp	r3, #9
1000242e:	d8db      	bhi.n	100023e8 <_ntoa_long_long+0x60>
10002430:	3330      	adds	r3, #48	@ 0x30
10002432:	b2da      	uxtb	r2, r3
10002434:	e7e0      	b.n	100023f8 <_ntoa_long_long+0x70>
10002436:	2261      	movs	r2, #97	@ 0x61
10002438:	e7da      	b.n	100023f0 <_ntoa_long_long+0x68>
1000243a:	45b0      	cmp	r8, r6
1000243c:	d9e9      	bls.n	10002412 <_ntoa_long_long+0x8a>
1000243e:	4656      	mov	r6, sl
10002440:	e004      	b.n	1000244c <_ntoa_long_long+0xc4>
10002442:	4656      	mov	r6, sl
10002444:	e002      	b.n	1000244c <_ntoa_long_long+0xc4>
10002446:	2600      	movs	r6, #0
10002448:	e000      	b.n	1000244c <_ntoa_long_long+0xc4>
1000244a:	4656      	mov	r6, sl
1000244c:	9b26      	ldr	r3, [sp, #152]	@ 0x98
1000244e:	9306      	str	r3, [sp, #24]
10002450:	9b25      	ldr	r3, [sp, #148]	@ 0x94
10002452:	9305      	str	r3, [sp, #20]
10002454:	9b24      	ldr	r3, [sp, #144]	@ 0x90
10002456:	9304      	str	r3, [sp, #16]
10002458:	4643      	mov	r3, r8
1000245a:	9303      	str	r3, [sp, #12]
1000245c:	9b0b      	ldr	r3, [sp, #44]	@ 0x2c
1000245e:	9302      	str	r3, [sp, #8]
10002460:	9601      	str	r6, [sp, #4]
10002462:	ab0c      	add	r3, sp, #48	@ 0x30
10002464:	9300      	str	r3, [sp, #0]
10002466:	9b0a      	ldr	r3, [sp, #40]	@ 0x28
10002468:	9a09      	ldr	r2, [sp, #36]	@ 0x24
1000246a:	9908      	ldr	r1, [sp, #32]
1000246c:	4658      	mov	r0, fp
1000246e:	f7ff fea4 	bl	100021ba <_ntoa_format>
10002472:	b015      	add	sp, #84	@ 0x54
10002474:	bcf0      	pop	{r4, r5, r6, r7}
10002476:	46bb      	mov	fp, r7
10002478:	46b2      	mov	sl, r6
1000247a:	46a9      	mov	r9, r5
1000247c:	46a0      	mov	r8, r4
1000247e:	bdf0      	pop	{r4, r5, r6, r7, pc}

10002480 <_etoa>:
10002480:	b5f0      	push	{r4, r5, r6, r7, lr}
10002482:	46de      	mov	lr, fp
10002484:	4657      	mov	r7, sl
10002486:	464e      	mov	r6, r9
10002488:	4645      	mov	r5, r8
1000248a:	b5e0      	push	{r5, r6, r7, lr}
1000248c:	b095      	sub	sp, #84	@ 0x54
1000248e:	0004      	movs	r4, r0
10002490:	468a      	mov	sl, r1
10002492:	4693      	mov	fp, r2
10002494:	4699      	mov	r9, r3
10002496:	9e1e      	ldr	r6, [sp, #120]	@ 0x78
10002498:	9f1f      	ldr	r7, [sp, #124]	@ 0x7c
1000249a:	0032      	movs	r2, r6
1000249c:	003b      	movs	r3, r7
1000249e:	0030      	movs	r0, r6
100024a0:	0039      	movs	r1, r7
100024a2:	f7ff f9e0 	bl	10001866 <__wrap___aeabi_dcmpun>
100024a6:	2800      	cmp	r0, #0
100024a8:	d000      	beq.n	100024ac <_etoa+0x2c>
100024aa:	e0fb      	b.n	100026a4 <_etoa+0x224>
100024ac:	2201      	movs	r2, #1
100024ae:	4252      	negs	r2, r2
100024b0:	4bd6      	ldr	r3, [pc, #856]	@ (1000280c <_etoa+0x38c>)
100024b2:	0030      	movs	r0, r6
100024b4:	0039      	movs	r1, r7
100024b6:	f7ff f9d1 	bl	1000185c <__wrap___aeabi_dcmpgt>
100024ba:	2800      	cmp	r0, #0
100024bc:	d000      	beq.n	100024c0 <_etoa+0x40>
100024be:	e0f1      	b.n	100026a4 <_etoa+0x224>
100024c0:	2201      	movs	r2, #1
100024c2:	4252      	negs	r2, r2
100024c4:	4bd2      	ldr	r3, [pc, #840]	@ (10002810 <_etoa+0x390>)
100024c6:	0030      	movs	r0, r6
100024c8:	0039      	movs	r1, r7
100024ca:	f7ff f9b1 	bl	10001830 <__wrap___aeabi_dcmplt>
100024ce:	2800      	cmp	r0, #0
100024d0:	d000      	beq.n	100024d4 <_etoa+0x54>
100024d2:	e0e7      	b.n	100026a4 <_etoa+0x224>
100024d4:	2200      	movs	r2, #0
100024d6:	2300      	movs	r3, #0
100024d8:	0030      	movs	r0, r6
100024da:	0039      	movs	r1, r7
100024dc:	f7ff f9a8 	bl	10001830 <__wrap___aeabi_dcmplt>
100024e0:	2800      	cmp	r0, #0
100024e2:	d000      	beq.n	100024e6 <_etoa+0x66>
100024e4:	e0f3      	b.n	100026ce <_etoa+0x24e>
100024e6:	9606      	str	r6, [sp, #24]
100024e8:	9707      	str	r7, [sp, #28]
100024ea:	2380      	movs	r3, #128	@ 0x80
100024ec:	00db      	lsls	r3, r3, #3
100024ee:	9a22      	ldr	r2, [sp, #136]	@ 0x88
100024f0:	401a      	ands	r2, r3
100024f2:	9211      	str	r2, [sp, #68]	@ 0x44
100024f4:	9a22      	ldr	r2, [sp, #136]	@ 0x88
100024f6:	421a      	tst	r2, r3
100024f8:	d101      	bne.n	100024fe <_etoa+0x7e>
100024fa:	2306      	movs	r3, #6
100024fc:	9320      	str	r3, [sp, #128]	@ 0x80
100024fe:	9806      	ldr	r0, [sp, #24]
10002500:	9907      	ldr	r1, [sp, #28]
10002502:	0002      	movs	r2, r0
10002504:	000b      	movs	r3, r1
10002506:	920a      	str	r2, [sp, #40]	@ 0x28
10002508:	930b      	str	r3, [sp, #44]	@ 0x2c
1000250a:	0003      	movs	r3, r0
1000250c:	000a      	movs	r2, r1
1000250e:	4302      	orrs	r2, r0
10002510:	d100      	bne.n	10002514 <_etoa+0x94>
10002512:	e0e8      	b.n	100026e6 <_etoa+0x266>
10002514:	0d08      	lsrs	r0, r1, #20
10002516:	0540      	lsls	r0, r0, #21
10002518:	0d40      	lsrs	r0, r0, #21
1000251a:	4dbe      	ldr	r5, [pc, #760]	@ (10002814 <_etoa+0x394>)
1000251c:	46ac      	mov	ip, r5
1000251e:	4460      	add	r0, ip
10002520:	0005      	movs	r5, r0
10002522:	9807      	ldr	r0, [sp, #28]
10002524:	0302      	lsls	r2, r0, #12
10002526:	0b12      	lsrs	r2, r2, #12
10002528:	2000      	movs	r0, #0
1000252a:	2100      	movs	r1, #0
1000252c:	9008      	str	r0, [sp, #32]
1000252e:	9109      	str	r1, [sp, #36]	@ 0x24
10002530:	9308      	str	r3, [sp, #32]
10002532:	4bb9      	ldr	r3, [pc, #740]	@ (10002818 <_etoa+0x398>)
10002534:	4313      	orrs	r3, r2
10002536:	9309      	str	r3, [sp, #36]	@ 0x24
10002538:	0028      	movs	r0, r5
1000253a:	f7ff f9a5 	bl	10001888 <__wrap___aeabi_i2d>
1000253e:	4ab7      	ldr	r2, [pc, #732]	@ (1000281c <_etoa+0x39c>)
10002540:	4bb7      	ldr	r3, [pc, #732]	@ (10002820 <_etoa+0x3a0>)
10002542:	f7ff f932 	bl	100017aa <__wrap___aeabi_dmul>
10002546:	4ab7      	ldr	r2, [pc, #732]	@ (10002824 <_etoa+0x3a4>)
10002548:	4bb7      	ldr	r3, [pc, #732]	@ (10002828 <_etoa+0x3a8>)
1000254a:	f7ff f907 	bl	1000175c <__wrap___aeabi_dadd>
1000254e:	900a      	str	r0, [sp, #40]	@ 0x28
10002550:	910b      	str	r1, [sp, #44]	@ 0x2c
10002552:	2200      	movs	r2, #0
10002554:	4bb5      	ldr	r3, [pc, #724]	@ (1000282c <_etoa+0x3ac>)
10002556:	9808      	ldr	r0, [sp, #32]
10002558:	9909      	ldr	r1, [sp, #36]	@ 0x24
1000255a:	f7ff f8f6 	bl	1000174a <__wrap___aeabi_dsub>
1000255e:	4ab4      	ldr	r2, [pc, #720]	@ (10002830 <_etoa+0x3b0>)
10002560:	4bb4      	ldr	r3, [pc, #720]	@ (10002834 <_etoa+0x3b4>)
10002562:	f7ff f922 	bl	100017aa <__wrap___aeabi_dmul>
10002566:	0002      	movs	r2, r0
10002568:	000b      	movs	r3, r1
1000256a:	980a      	ldr	r0, [sp, #40]	@ 0x28
1000256c:	990b      	ldr	r1, [sp, #44]	@ 0x2c
1000256e:	f7ff f8f5 	bl	1000175c <__wrap___aeabi_dadd>
10002572:	f7ff f9a1 	bl	100018b8 <__wrap___aeabi_d2iz>
10002576:	4680      	mov	r8, r0
10002578:	9008      	str	r0, [sp, #32]
1000257a:	f7ff f985 	bl	10001888 <__wrap___aeabi_i2d>
1000257e:	4aae      	ldr	r2, [pc, #696]	@ (10002838 <_etoa+0x3b8>)
10002580:	4bae      	ldr	r3, [pc, #696]	@ (1000283c <_etoa+0x3bc>)
10002582:	900a      	str	r0, [sp, #40]	@ 0x28
10002584:	910b      	str	r1, [sp, #44]	@ 0x2c
10002586:	f7ff f910 	bl	100017aa <__wrap___aeabi_dmul>
1000258a:	2200      	movs	r2, #0
1000258c:	4bac      	ldr	r3, [pc, #688]	@ (10002840 <_etoa+0x3c0>)
1000258e:	f7ff f8e5 	bl	1000175c <__wrap___aeabi_dadd>
10002592:	f7ff f991 	bl	100018b8 <__wrap___aeabi_d2iz>
10002596:	0005      	movs	r5, r0
10002598:	4aaa      	ldr	r2, [pc, #680]	@ (10002844 <_etoa+0x3c4>)
1000259a:	4bab      	ldr	r3, [pc, #684]	@ (10002848 <_etoa+0x3c8>)
1000259c:	980a      	ldr	r0, [sp, #40]	@ 0x28
1000259e:	990b      	ldr	r1, [sp, #44]	@ 0x2c
100025a0:	f7ff f903 	bl	100017aa <__wrap___aeabi_dmul>
100025a4:	900a      	str	r0, [sp, #40]	@ 0x28
100025a6:	910b      	str	r1, [sp, #44]	@ 0x2c
100025a8:	0028      	movs	r0, r5
100025aa:	f7ff f96d 	bl	10001888 <__wrap___aeabi_i2d>
100025ae:	4aa7      	ldr	r2, [pc, #668]	@ (1000284c <_etoa+0x3cc>)
100025b0:	4ba7      	ldr	r3, [pc, #668]	@ (10002850 <_etoa+0x3d0>)
100025b2:	f7ff f8fa 	bl	100017aa <__wrap___aeabi_dmul>
100025b6:	0002      	movs	r2, r0
100025b8:	000b      	movs	r3, r1
100025ba:	980a      	ldr	r0, [sp, #40]	@ 0x28
100025bc:	990b      	ldr	r1, [sp, #44]	@ 0x2c
100025be:	f7ff f8c4 	bl	1000174a <__wrap___aeabi_dsub>
100025c2:	0002      	movs	r2, r0
100025c4:	000b      	movs	r3, r1
100025c6:	900a      	str	r0, [sp, #40]	@ 0x28
100025c8:	910b      	str	r1, [sp, #44]	@ 0x2c
100025ca:	f7ff f8ee 	bl	100017aa <__wrap___aeabi_dmul>
100025ce:	900e      	str	r0, [sp, #56]	@ 0x38
100025d0:	910f      	str	r1, [sp, #60]	@ 0x3c
100025d2:	002b      	movs	r3, r5
100025d4:	4d9f      	ldr	r5, [pc, #636]	@ (10002854 <_etoa+0x3d4>)
100025d6:	46ac      	mov	ip, r5
100025d8:	4463      	add	r3, ip
100025da:	2100      	movs	r1, #0
100025dc:	2200      	movs	r2, #0
100025de:	910c      	str	r1, [sp, #48]	@ 0x30
100025e0:	920d      	str	r2, [sp, #52]	@ 0x34
100025e2:	051b      	lsls	r3, r3, #20
100025e4:	930d      	str	r3, [sp, #52]	@ 0x34
100025e6:	2300      	movs	r3, #0
100025e8:	930c      	str	r3, [sp, #48]	@ 0x30
100025ea:	980a      	ldr	r0, [sp, #40]	@ 0x28
100025ec:	990b      	ldr	r1, [sp, #44]	@ 0x2c
100025ee:	0002      	movs	r2, r0
100025f0:	000b      	movs	r3, r1
100025f2:	f7ff f8b3 	bl	1000175c <__wrap___aeabi_dadd>
100025f6:	9012      	str	r0, [sp, #72]	@ 0x48
100025f8:	9113      	str	r1, [sp, #76]	@ 0x4c
100025fa:	9a0a      	ldr	r2, [sp, #40]	@ 0x28
100025fc:	9b0b      	ldr	r3, [sp, #44]	@ 0x2c
100025fe:	2000      	movs	r0, #0
10002600:	2180      	movs	r1, #128	@ 0x80
10002602:	05c9      	lsls	r1, r1, #23
10002604:	f7ff f8a1 	bl	1000174a <__wrap___aeabi_dsub>
10002608:	900a      	str	r0, [sp, #40]	@ 0x28
1000260a:	910b      	str	r1, [sp, #44]	@ 0x2c
1000260c:	2200      	movs	r2, #0
1000260e:	4b92      	ldr	r3, [pc, #584]	@ (10002858 <_etoa+0x3d8>)
10002610:	980e      	ldr	r0, [sp, #56]	@ 0x38
10002612:	990f      	ldr	r1, [sp, #60]	@ 0x3c
10002614:	f7ff f8ab 	bl	1000176e <__wrap___aeabi_ddiv>
10002618:	2200      	movs	r2, #0
1000261a:	4b90      	ldr	r3, [pc, #576]	@ (1000285c <_etoa+0x3dc>)
1000261c:	f7ff f89e 	bl	1000175c <__wrap___aeabi_dadd>
10002620:	0002      	movs	r2, r0
10002622:	000b      	movs	r3, r1
10002624:	980e      	ldr	r0, [sp, #56]	@ 0x38
10002626:	990f      	ldr	r1, [sp, #60]	@ 0x3c
10002628:	f7ff f8a1 	bl	1000176e <__wrap___aeabi_ddiv>
1000262c:	2200      	movs	r2, #0
1000262e:	4b8c      	ldr	r3, [pc, #560]	@ (10002860 <_etoa+0x3e0>)
10002630:	f7ff f894 	bl	1000175c <__wrap___aeabi_dadd>
10002634:	0002      	movs	r2, r0
10002636:	000b      	movs	r3, r1
10002638:	980e      	ldr	r0, [sp, #56]	@ 0x38
1000263a:	990f      	ldr	r1, [sp, #60]	@ 0x3c
1000263c:	f7ff f897 	bl	1000176e <__wrap___aeabi_ddiv>
10002640:	0002      	movs	r2, r0
10002642:	000b      	movs	r3, r1
10002644:	980a      	ldr	r0, [sp, #40]	@ 0x28
10002646:	990b      	ldr	r1, [sp, #44]	@ 0x2c
10002648:	f7ff f888 	bl	1000175c <__wrap___aeabi_dadd>
1000264c:	0002      	movs	r2, r0
1000264e:	000b      	movs	r3, r1
10002650:	9812      	ldr	r0, [sp, #72]	@ 0x48
10002652:	9913      	ldr	r1, [sp, #76]	@ 0x4c
10002654:	f7ff f88b 	bl	1000176e <__wrap___aeabi_ddiv>
10002658:	2200      	movs	r2, #0
1000265a:	4b6f      	ldr	r3, [pc, #444]	@ (10002818 <_etoa+0x398>)
1000265c:	f7ff f87e 	bl	1000175c <__wrap___aeabi_dadd>
10002660:	9a0c      	ldr	r2, [sp, #48]	@ 0x30
10002662:	9b0d      	ldr	r3, [sp, #52]	@ 0x34
10002664:	f7ff f8a1 	bl	100017aa <__wrap___aeabi_dmul>
10002668:	0002      	movs	r2, r0
1000266a:	000b      	movs	r3, r1
1000266c:	920a      	str	r2, [sp, #40]	@ 0x28
1000266e:	930b      	str	r3, [sp, #44]	@ 0x2c
10002670:	9a06      	ldr	r2, [sp, #24]
10002672:	9b07      	ldr	r3, [sp, #28]
10002674:	900c      	str	r0, [sp, #48]	@ 0x30
10002676:	910d      	str	r1, [sp, #52]	@ 0x34
10002678:	f7ff f8f0 	bl	1000185c <__wrap___aeabi_dcmpgt>
1000267c:	2800      	cmp	r0, #0
1000267e:	d00a      	beq.n	10002696 <_etoa+0x216>
10002680:	4643      	mov	r3, r8
10002682:	3b01      	subs	r3, #1
10002684:	9308      	str	r3, [sp, #32]
10002686:	2200      	movs	r2, #0
10002688:	4b74      	ldr	r3, [pc, #464]	@ (1000285c <_etoa+0x3dc>)
1000268a:	980c      	ldr	r0, [sp, #48]	@ 0x30
1000268c:	990d      	ldr	r1, [sp, #52]	@ 0x34
1000268e:	f7ff f86e 	bl	1000176e <__wrap___aeabi_ddiv>
10002692:	900a      	str	r0, [sp, #40]	@ 0x28
10002694:	910b      	str	r1, [sp, #44]	@ 0x2c
10002696:	9b08      	ldr	r3, [sp, #32]
10002698:	3363      	adds	r3, #99	@ 0x63
1000269a:	2bc6      	cmp	r3, #198	@ 0xc6
1000269c:	d849      	bhi.n	10002732 <_etoa+0x2b2>
1000269e:	2304      	movs	r3, #4
100026a0:	001d      	movs	r5, r3
100026a2:	e024      	b.n	100026ee <_etoa+0x26e>
100026a4:	9b22      	ldr	r3, [sp, #136]	@ 0x88
100026a6:	9304      	str	r3, [sp, #16]
100026a8:	9b21      	ldr	r3, [sp, #132]	@ 0x84
100026aa:	9303      	str	r3, [sp, #12]
100026ac:	9b20      	ldr	r3, [sp, #128]	@ 0x80
100026ae:	9302      	str	r3, [sp, #8]
100026b0:	9600      	str	r6, [sp, #0]
100026b2:	9701      	str	r7, [sp, #4]
100026b4:	464b      	mov	r3, r9
100026b6:	465a      	mov	r2, fp
100026b8:	4651      	mov	r1, sl
100026ba:	0020      	movs	r0, r4
100026bc:	f000 f904 	bl	100028c8 <_ftoa>
100026c0:	b015      	add	sp, #84	@ 0x54
100026c2:	bcf0      	pop	{r4, r5, r6, r7}
100026c4:	46bb      	mov	fp, r7
100026c6:	46b2      	mov	sl, r6
100026c8:	46a9      	mov	r9, r5
100026ca:	46a0      	mov	r8, r4
100026cc:	bdf0      	pop	{r4, r5, r6, r7, pc}
100026ce:	2100      	movs	r1, #0
100026d0:	2200      	movs	r2, #0
100026d2:	9106      	str	r1, [sp, #24]
100026d4:	9207      	str	r2, [sp, #28]
100026d6:	9606      	str	r6, [sp, #24]
100026d8:	2380      	movs	r3, #128	@ 0x80
100026da:	061b      	lsls	r3, r3, #24
100026dc:	469c      	mov	ip, r3
100026de:	44bc      	add	ip, r7
100026e0:	4663      	mov	r3, ip
100026e2:	9307      	str	r3, [sp, #28]
100026e4:	e701      	b.n	100024ea <_etoa+0x6a>
100026e6:	2300      	movs	r3, #0
100026e8:	9308      	str	r3, [sp, #32]
100026ea:	3304      	adds	r3, #4
100026ec:	001d      	movs	r5, r3
100026ee:	9b22      	ldr	r3, [sp, #136]	@ 0x88
100026f0:	051b      	lsls	r3, r3, #20
100026f2:	d52b      	bpl.n	1000274c <_etoa+0x2cc>
100026f4:	9a0a      	ldr	r2, [sp, #40]	@ 0x28
100026f6:	9b0b      	ldr	r3, [sp, #44]	@ 0x2c
100026f8:	0019      	movs	r1, r3
100026fa:	4311      	orrs	r1, r2
100026fc:	d011      	beq.n	10002722 <_etoa+0x2a2>
100026fe:	4a59      	ldr	r2, [pc, #356]	@ (10002864 <_etoa+0x3e4>)
10002700:	4b59      	ldr	r3, [pc, #356]	@ (10002868 <_etoa+0x3e8>)
10002702:	9806      	ldr	r0, [sp, #24]
10002704:	9907      	ldr	r1, [sp, #28]
10002706:	f7ff f8a1 	bl	1000184c <__wrap___aeabi_dcmpge>
1000270a:	2800      	cmp	r0, #0
1000270c:	d100      	bne.n	10002710 <_etoa+0x290>
1000270e:	e0b1      	b.n	10002874 <_etoa+0x3f4>
10002710:	2200      	movs	r2, #0
10002712:	4b56      	ldr	r3, [pc, #344]	@ (1000286c <_etoa+0x3ec>)
10002714:	9806      	ldr	r0, [sp, #24]
10002716:	9907      	ldr	r1, [sp, #28]
10002718:	f7ff f88a 	bl	10001830 <__wrap___aeabi_dcmplt>
1000271c:	2800      	cmp	r0, #0
1000271e:	d100      	bne.n	10002722 <_etoa+0x2a2>
10002720:	e0a8      	b.n	10002874 <_etoa+0x3f4>
10002722:	9a20      	ldr	r2, [sp, #128]	@ 0x80
10002724:	9b08      	ldr	r3, [sp, #32]
10002726:	429a      	cmp	r2, r3
10002728:	dd06      	ble.n	10002738 <_etoa+0x2b8>
1000272a:	1ad3      	subs	r3, r2, r3
1000272c:	3b01      	subs	r3, #1
1000272e:	9320      	str	r3, [sp, #128]	@ 0x80
10002730:	e004      	b.n	1000273c <_etoa+0x2bc>
10002732:	2305      	movs	r3, #5
10002734:	001d      	movs	r5, r3
10002736:	e7da      	b.n	100026ee <_etoa+0x26e>
10002738:	2300      	movs	r3, #0
1000273a:	9320      	str	r3, [sp, #128]	@ 0x80
1000273c:	2380      	movs	r3, #128	@ 0x80
1000273e:	00db      	lsls	r3, r3, #3
10002740:	9a22      	ldr	r2, [sp, #136]	@ 0x88
10002742:	431a      	orrs	r2, r3
10002744:	9222      	str	r2, [sp, #136]	@ 0x88
10002746:	2300      	movs	r3, #0
10002748:	001d      	movs	r5, r3
1000274a:	9308      	str	r3, [sp, #32]
1000274c:	9a21      	ldr	r2, [sp, #132]	@ 0x84
1000274e:	4295      	cmp	r5, r2
10002750:	d300      	bcc.n	10002754 <_etoa+0x2d4>
10002752:	e09b      	b.n	1000288c <_etoa+0x40c>
10002754:	1b53      	subs	r3, r2, r5
10002756:	4698      	mov	r8, r3
10002758:	2302      	movs	r3, #2
1000275a:	9a22      	ldr	r2, [sp, #136]	@ 0x88
1000275c:	401a      	ands	r2, r3
1000275e:	920c      	str	r2, [sp, #48]	@ 0x30
10002760:	9a22      	ldr	r2, [sp, #136]	@ 0x88
10002762:	4213      	tst	r3, r2
10002764:	d003      	beq.n	1000276e <_etoa+0x2ee>
10002766:	2d00      	cmp	r5, #0
10002768:	d001      	beq.n	1000276e <_etoa+0x2ee>
1000276a:	2300      	movs	r3, #0
1000276c:	4698      	mov	r8, r3
1000276e:	9b08      	ldr	r3, [sp, #32]
10002770:	2b00      	cmp	r3, #0
10002772:	d007      	beq.n	10002784 <_etoa+0x304>
10002774:	9a0a      	ldr	r2, [sp, #40]	@ 0x28
10002776:	9b0b      	ldr	r3, [sp, #44]	@ 0x2c
10002778:	9806      	ldr	r0, [sp, #24]
1000277a:	9907      	ldr	r1, [sp, #28]
1000277c:	f7fe fff7 	bl	1000176e <__wrap___aeabi_ddiv>
10002780:	9006      	str	r0, [sp, #24]
10002782:	9107      	str	r1, [sp, #28]
10002784:	2200      	movs	r2, #0
10002786:	2300      	movs	r3, #0
10002788:	0030      	movs	r0, r6
1000278a:	0039      	movs	r1, r7
1000278c:	f7ff f850 	bl	10001830 <__wrap___aeabi_dcmplt>
10002790:	2800      	cmp	r0, #0
10002792:	d000      	beq.n	10002796 <_etoa+0x316>
10002794:	e07d      	b.n	10002892 <_etoa+0x412>
10002796:	4b36      	ldr	r3, [pc, #216]	@ (10002870 <_etoa+0x3f0>)
10002798:	9a22      	ldr	r2, [sp, #136]	@ 0x88
1000279a:	4013      	ands	r3, r2
1000279c:	9304      	str	r3, [sp, #16]
1000279e:	4643      	mov	r3, r8
100027a0:	9303      	str	r3, [sp, #12]
100027a2:	9b20      	ldr	r3, [sp, #128]	@ 0x80
100027a4:	9302      	str	r3, [sp, #8]
100027a6:	9a06      	ldr	r2, [sp, #24]
100027a8:	9b07      	ldr	r3, [sp, #28]
100027aa:	9200      	str	r2, [sp, #0]
100027ac:	9301      	str	r3, [sp, #4]
100027ae:	464b      	mov	r3, r9
100027b0:	465a      	mov	r2, fp
100027b2:	4651      	mov	r1, sl
100027b4:	0020      	movs	r0, r4
100027b6:	f000 f887 	bl	100028c8 <_ftoa>
100027ba:	2d00      	cmp	r5, #0
100027bc:	d100      	bne.n	100027c0 <_etoa+0x340>
100027be:	e77f      	b.n	100026c0 <_etoa+0x240>
100027c0:	9b22      	ldr	r3, [sp, #136]	@ 0x88
100027c2:	069b      	lsls	r3, r3, #26
100027c4:	d571      	bpl.n	100028aa <_etoa+0x42a>
100027c6:	2745      	movs	r7, #69	@ 0x45
100027c8:	1c46      	adds	r6, r0, #1
100027ca:	464b      	mov	r3, r9
100027cc:	0002      	movs	r2, r0
100027ce:	4651      	mov	r1, sl
100027d0:	0038      	movs	r0, r7
100027d2:	47a0      	blx	r4
100027d4:	9808      	ldr	r0, [sp, #32]
100027d6:	17c3      	asrs	r3, r0, #31
100027d8:	18c2      	adds	r2, r0, r3
100027da:	405a      	eors	r2, r3
100027dc:	2305      	movs	r3, #5
100027de:	9305      	str	r3, [sp, #20]
100027e0:	3d01      	subs	r5, #1
100027e2:	9504      	str	r5, [sp, #16]
100027e4:	2300      	movs	r3, #0
100027e6:	9303      	str	r3, [sp, #12]
100027e8:	330a      	adds	r3, #10
100027ea:	9302      	str	r3, [sp, #8]
100027ec:	0fc3      	lsrs	r3, r0, #31
100027ee:	9301      	str	r3, [sp, #4]
100027f0:	9200      	str	r2, [sp, #0]
100027f2:	464b      	mov	r3, r9
100027f4:	0032      	movs	r2, r6
100027f6:	4651      	mov	r1, sl
100027f8:	0020      	movs	r0, r4
100027fa:	f7ff fd69 	bl	100022d0 <_ntoa_long>
100027fe:	9b0c      	ldr	r3, [sp, #48]	@ 0x30
10002800:	2b00      	cmp	r3, #0
10002802:	d100      	bne.n	10002806 <_etoa+0x386>
10002804:	e75c      	b.n	100026c0 <_etoa+0x240>
10002806:	0002      	movs	r2, r0
10002808:	9f21      	ldr	r7, [sp, #132]	@ 0x84
1000280a:	e056      	b.n	100028ba <_etoa+0x43a>
1000280c:	7fefffff 	.word	0x7fefffff
10002810:	ffefffff 	.word	0xffefffff
10002814:	fffffc01 	.word	0xfffffc01
10002818:	3ff00000 	.word	0x3ff00000
1000281c:	509f79fb 	.word	0x509f79fb
10002820:	3fd34413 	.word	0x3fd34413
10002824:	8b60c8b3 	.word	0x8b60c8b3
10002828:	3fc68a28 	.word	0x3fc68a28
1000282c:	3ff80000 	.word	0x3ff80000
10002830:	636f4361 	.word	0x636f4361
10002834:	3fd287a7 	.word	0x3fd287a7
10002838:	0979a371 	.word	0x0979a371
1000283c:	400a934f 	.word	0x400a934f
10002840:	3fe00000 	.word	0x3fe00000
10002844:	bbb55516 	.word	0xbbb55516
10002848:	40026bb1 	.word	0x40026bb1
1000284c:	fefa39ef 	.word	0xfefa39ef
10002850:	3fe62e42 	.word	0x3fe62e42
10002854:	000003ff 	.word	0x000003ff
10002858:	402c0000 	.word	0x402c0000
1000285c:	40240000 	.word	0x40240000
10002860:	40180000 	.word	0x40180000
10002864:	eb1c432d 	.word	0xeb1c432d
10002868:	3f1a36e2 	.word	0x3f1a36e2
1000286c:	412e8480 	.word	0x412e8480
10002870:	fffff7ff 	.word	0xfffff7ff
10002874:	9b20      	ldr	r3, [sp, #128]	@ 0x80
10002876:	2b00      	cmp	r3, #0
10002878:	d100      	bne.n	1000287c <_etoa+0x3fc>
1000287a:	e767      	b.n	1000274c <_etoa+0x2cc>
1000287c:	9b11      	ldr	r3, [sp, #68]	@ 0x44
1000287e:	2b00      	cmp	r3, #0
10002880:	d100      	bne.n	10002884 <_etoa+0x404>
10002882:	e763      	b.n	1000274c <_etoa+0x2cc>
10002884:	9b20      	ldr	r3, [sp, #128]	@ 0x80
10002886:	3b01      	subs	r3, #1
10002888:	9320      	str	r3, [sp, #128]	@ 0x80
1000288a:	e75f      	b.n	1000274c <_etoa+0x2cc>
1000288c:	2300      	movs	r3, #0
1000288e:	4698      	mov	r8, r3
10002890:	e762      	b.n	10002758 <_etoa+0x2d8>
10002892:	9e06      	ldr	r6, [sp, #24]
10002894:	9f07      	ldr	r7, [sp, #28]
10002896:	0032      	movs	r2, r6
10002898:	0039      	movs	r1, r7
1000289a:	2080      	movs	r0, #128	@ 0x80
1000289c:	0600      	lsls	r0, r0, #24
1000289e:	4684      	mov	ip, r0
100028a0:	4461      	add	r1, ip
100028a2:	000b      	movs	r3, r1
100028a4:	9206      	str	r2, [sp, #24]
100028a6:	9307      	str	r3, [sp, #28]
100028a8:	e775      	b.n	10002796 <_etoa+0x316>
100028aa:	2765      	movs	r7, #101	@ 0x65
100028ac:	e78c      	b.n	100027c8 <_etoa+0x348>
100028ae:	1c56      	adds	r6, r2, #1
100028b0:	464b      	mov	r3, r9
100028b2:	4651      	mov	r1, sl
100028b4:	2020      	movs	r0, #32
100028b6:	47a0      	blx	r4
100028b8:	0032      	movs	r2, r6
100028ba:	465b      	mov	r3, fp
100028bc:	1ad3      	subs	r3, r2, r3
100028be:	42bb      	cmp	r3, r7
100028c0:	d3f5      	bcc.n	100028ae <_etoa+0x42e>
100028c2:	0010      	movs	r0, r2
100028c4:	e6fc      	b.n	100026c0 <_etoa+0x240>
100028c6:	46c0      	nop			@ (mov r8, r8)

100028c8 <_ftoa>:
100028c8:	b5f0      	push	{r4, r5, r6, r7, lr}
100028ca:	46de      	mov	lr, fp
100028cc:	4657      	mov	r7, sl
100028ce:	464e      	mov	r6, r9
100028d0:	4645      	mov	r5, r8
100028d2:	b5e0      	push	{r5, r6, r7, lr}
100028d4:	b095      	sub	sp, #84	@ 0x54
100028d6:	4681      	mov	r9, r0
100028d8:	468a      	mov	sl, r1
100028da:	4693      	mov	fp, r2
100028dc:	930a      	str	r3, [sp, #40]	@ 0x28
100028de:	9f20      	ldr	r7, [sp, #128]	@ 0x80
100028e0:	9a1e      	ldr	r2, [sp, #120]	@ 0x78
100028e2:	9b1f      	ldr	r3, [sp, #124]	@ 0x7c
100028e4:	0010      	movs	r0, r2
100028e6:	0019      	movs	r1, r3
100028e8:	f7fe ffbd 	bl	10001866 <__wrap___aeabi_dcmpun>
100028ec:	2800      	cmp	r0, #0
100028ee:	d131      	bne.n	10002954 <_ftoa+0x8c>
100028f0:	2201      	movs	r2, #1
100028f2:	4252      	negs	r2, r2
100028f4:	4bba      	ldr	r3, [pc, #744]	@ (10002be0 <_ftoa+0x318>)
100028f6:	981e      	ldr	r0, [sp, #120]	@ 0x78
100028f8:	991f      	ldr	r1, [sp, #124]	@ 0x7c
100028fa:	f7fe ff99 	bl	10001830 <__wrap___aeabi_dcmplt>
100028fe:	2800      	cmp	r0, #0
10002900:	d137      	bne.n	10002972 <_ftoa+0xaa>
10002902:	2201      	movs	r2, #1
10002904:	4252      	negs	r2, r2
10002906:	4bb7      	ldr	r3, [pc, #732]	@ (10002be4 <_ftoa+0x31c>)
10002908:	981e      	ldr	r0, [sp, #120]	@ 0x78
1000290a:	991f      	ldr	r1, [sp, #124]	@ 0x7c
1000290c:	f7fe ffa6 	bl	1000185c <__wrap___aeabi_dcmpgt>
10002910:	2800      	cmp	r0, #0
10002912:	d13d      	bne.n	10002990 <_ftoa+0xc8>
10002914:	2200      	movs	r2, #0
10002916:	4bb4      	ldr	r3, [pc, #720]	@ (10002be8 <_ftoa+0x320>)
10002918:	981e      	ldr	r0, [sp, #120]	@ 0x78
1000291a:	991f      	ldr	r1, [sp, #124]	@ 0x7c
1000291c:	f7fe ff9e 	bl	1000185c <__wrap___aeabi_dcmpgt>
10002920:	2800      	cmp	r0, #0
10002922:	d14a      	bne.n	100029ba <_ftoa+0xf2>
10002924:	2200      	movs	r2, #0
10002926:	4bb1      	ldr	r3, [pc, #708]	@ (10002bec <_ftoa+0x324>)
10002928:	981e      	ldr	r0, [sp, #120]	@ 0x78
1000292a:	991f      	ldr	r1, [sp, #124]	@ 0x7c
1000292c:	f7fe ff80 	bl	10001830 <__wrap___aeabi_dcmplt>
10002930:	2800      	cmp	r0, #0
10002932:	d142      	bne.n	100029ba <_ftoa+0xf2>
10002934:	2200      	movs	r2, #0
10002936:	2300      	movs	r3, #0
10002938:	981e      	ldr	r0, [sp, #120]	@ 0x78
1000293a:	991f      	ldr	r1, [sp, #124]	@ 0x7c
1000293c:	f7fe ff78 	bl	10001830 <__wrap___aeabi_dcmplt>
10002940:	2800      	cmp	r0, #0
10002942:	d14a      	bne.n	100029da <_ftoa+0x112>
10002944:	2300      	movs	r3, #0
10002946:	930b      	str	r3, [sp, #44]	@ 0x2c
10002948:	9b22      	ldr	r3, [sp, #136]	@ 0x88
1000294a:	055b      	lsls	r3, r3, #21
1000294c:	d400      	bmi.n	10002950 <_ftoa+0x88>
1000294e:	e0af      	b.n	10002ab0 <_ftoa+0x1e8>
10002950:	2400      	movs	r4, #0
10002952:	e052      	b.n	100029fa <_ftoa+0x132>
10002954:	9b22      	ldr	r3, [sp, #136]	@ 0x88
10002956:	9303      	str	r3, [sp, #12]
10002958:	9b21      	ldr	r3, [sp, #132]	@ 0x84
1000295a:	9302      	str	r3, [sp, #8]
1000295c:	2303      	movs	r3, #3
1000295e:	9301      	str	r3, [sp, #4]
10002960:	4ba3      	ldr	r3, [pc, #652]	@ (10002bf0 <_ftoa+0x328>)
10002962:	9300      	str	r3, [sp, #0]
10002964:	9b0a      	ldr	r3, [sp, #40]	@ 0x28
10002966:	465a      	mov	r2, fp
10002968:	4651      	mov	r1, sl
1000296a:	4648      	mov	r0, r9
1000296c:	f7ff fbc8 	bl	10002100 <_out_rev>
10002970:	e11f      	b.n	10002bb2 <_ftoa+0x2ea>
10002972:	9b22      	ldr	r3, [sp, #136]	@ 0x88
10002974:	9303      	str	r3, [sp, #12]
10002976:	9b21      	ldr	r3, [sp, #132]	@ 0x84
10002978:	9302      	str	r3, [sp, #8]
1000297a:	2304      	movs	r3, #4
1000297c:	9301      	str	r3, [sp, #4]
1000297e:	4b9d      	ldr	r3, [pc, #628]	@ (10002bf4 <_ftoa+0x32c>)
10002980:	9300      	str	r3, [sp, #0]
10002982:	9b0a      	ldr	r3, [sp, #40]	@ 0x28
10002984:	465a      	mov	r2, fp
10002986:	4651      	mov	r1, sl
10002988:	4648      	mov	r0, r9
1000298a:	f7ff fbb9 	bl	10002100 <_out_rev>
1000298e:	e110      	b.n	10002bb2 <_ftoa+0x2ea>
10002990:	9b22      	ldr	r3, [sp, #136]	@ 0x88
10002992:	075b      	lsls	r3, r3, #29
10002994:	d50e      	bpl.n	100029b4 <_ftoa+0xec>
10002996:	4b98      	ldr	r3, [pc, #608]	@ (10002bf8 <_ftoa+0x330>)
10002998:	2204      	movs	r2, #4
1000299a:	9922      	ldr	r1, [sp, #136]	@ 0x88
1000299c:	9103      	str	r1, [sp, #12]
1000299e:	9921      	ldr	r1, [sp, #132]	@ 0x84
100029a0:	9102      	str	r1, [sp, #8]
100029a2:	9201      	str	r2, [sp, #4]
100029a4:	9300      	str	r3, [sp, #0]
100029a6:	9b0a      	ldr	r3, [sp, #40]	@ 0x28
100029a8:	465a      	mov	r2, fp
100029aa:	4651      	mov	r1, sl
100029ac:	4648      	mov	r0, r9
100029ae:	f7ff fba7 	bl	10002100 <_out_rev>
100029b2:	e0fe      	b.n	10002bb2 <_ftoa+0x2ea>
100029b4:	4b91      	ldr	r3, [pc, #580]	@ (10002bfc <_ftoa+0x334>)
100029b6:	2203      	movs	r2, #3
100029b8:	e7ef      	b.n	1000299a <_ftoa+0xd2>
100029ba:	9b22      	ldr	r3, [sp, #136]	@ 0x88
100029bc:	9304      	str	r3, [sp, #16]
100029be:	9b21      	ldr	r3, [sp, #132]	@ 0x84
100029c0:	9303      	str	r3, [sp, #12]
100029c2:	9702      	str	r7, [sp, #8]
100029c4:	9b1e      	ldr	r3, [sp, #120]	@ 0x78
100029c6:	9c1f      	ldr	r4, [sp, #124]	@ 0x7c
100029c8:	9300      	str	r3, [sp, #0]
100029ca:	9401      	str	r4, [sp, #4]
100029cc:	9b0a      	ldr	r3, [sp, #40]	@ 0x28
100029ce:	465a      	mov	r2, fp
100029d0:	4651      	mov	r1, sl
100029d2:	4648      	mov	r0, r9
100029d4:	f7ff fd54 	bl	10002480 <_etoa>
100029d8:	e0eb      	b.n	10002bb2 <_ftoa+0x2ea>
100029da:	9a1e      	ldr	r2, [sp, #120]	@ 0x78
100029dc:	9b1f      	ldr	r3, [sp, #124]	@ 0x7c
100029de:	2000      	movs	r0, #0
100029e0:	2100      	movs	r1, #0
100029e2:	f7fe feb2 	bl	1000174a <__wrap___aeabi_dsub>
100029e6:	901e      	str	r0, [sp, #120]	@ 0x78
100029e8:	911f      	str	r1, [sp, #124]	@ 0x7c
100029ea:	2301      	movs	r3, #1
100029ec:	930b      	str	r3, [sp, #44]	@ 0x2c
100029ee:	e7ab      	b.n	10002948 <_ftoa+0x80>
100029f0:	ab0c      	add	r3, sp, #48	@ 0x30
100029f2:	2230      	movs	r2, #48	@ 0x30
100029f4:	551a      	strb	r2, [r3, r4]
100029f6:	3f01      	subs	r7, #1
100029f8:	3401      	adds	r4, #1
100029fa:	2c1f      	cmp	r4, #31
100029fc:	d801      	bhi.n	10002a02 <_ftoa+0x13a>
100029fe:	2f09      	cmp	r7, #9
10002a00:	d8f6      	bhi.n	100029f0 <_ftoa+0x128>
10002a02:	981e      	ldr	r0, [sp, #120]	@ 0x78
10002a04:	991f      	ldr	r1, [sp, #124]	@ 0x7c
10002a06:	f7fe ff57 	bl	100018b8 <__wrap___aeabi_d2iz>
10002a0a:	0005      	movs	r5, r0
10002a0c:	f7fe ff3c 	bl	10001888 <__wrap___aeabi_i2d>
10002a10:	0002      	movs	r2, r0
10002a12:	000b      	movs	r3, r1
10002a14:	981e      	ldr	r0, [sp, #120]	@ 0x78
10002a16:	991f      	ldr	r1, [sp, #124]	@ 0x7c
10002a18:	f7fe fe97 	bl	1000174a <__wrap___aeabi_dsub>
10002a1c:	4b78      	ldr	r3, [pc, #480]	@ (10002c00 <_ftoa+0x338>)
10002a1e:	00fa      	lsls	r2, r7, #3
10002a20:	189b      	adds	r3, r3, r2
10002a22:	cb0c      	ldmia	r3, {r2, r3}
10002a24:	9208      	str	r2, [sp, #32]
10002a26:	9309      	str	r3, [sp, #36]	@ 0x24
10002a28:	f7fe febf 	bl	100017aa <__wrap___aeabi_dmul>
10002a2c:	9006      	str	r0, [sp, #24]
10002a2e:	9107      	str	r1, [sp, #28]
10002a30:	f7fe ff66 	bl	10001900 <__wrap___aeabi_d2uiz>
10002a34:	0006      	movs	r6, r0
10002a36:	f7fe ff23 	bl	10001880 <__wrap___aeabi_ui2d>
10002a3a:	0002      	movs	r2, r0
10002a3c:	000b      	movs	r3, r1
10002a3e:	9806      	ldr	r0, [sp, #24]
10002a40:	9907      	ldr	r1, [sp, #28]
10002a42:	f7fe fe82 	bl	1000174a <__wrap___aeabi_dsub>
10002a46:	9006      	str	r0, [sp, #24]
10002a48:	9107      	str	r1, [sp, #28]
10002a4a:	2200      	movs	r2, #0
10002a4c:	4b6d      	ldr	r3, [pc, #436]	@ (10002c04 <_ftoa+0x33c>)
10002a4e:	f7fe ff05 	bl	1000185c <__wrap___aeabi_dcmpgt>
10002a52:	2800      	cmp	r0, #0
10002a54:	d02e      	beq.n	10002ab4 <_ftoa+0x1ec>
10002a56:	3601      	adds	r6, #1
10002a58:	0030      	movs	r0, r6
10002a5a:	f7fe ff11 	bl	10001880 <__wrap___aeabi_ui2d>
10002a5e:	0002      	movs	r2, r0
10002a60:	000b      	movs	r3, r1
10002a62:	9808      	ldr	r0, [sp, #32]
10002a64:	9909      	ldr	r1, [sp, #36]	@ 0x24
10002a66:	f7fe fee9 	bl	1000183c <__wrap___aeabi_dcmple>
10002a6a:	2800      	cmp	r0, #0
10002a6c:	d001      	beq.n	10002a72 <_ftoa+0x1aa>
10002a6e:	3501      	adds	r5, #1
10002a70:	2600      	movs	r6, #0
10002a72:	2f00      	cmp	r7, #0
10002a74:	d12c      	bne.n	10002ad0 <_ftoa+0x208>
10002a76:	0028      	movs	r0, r5
10002a78:	f7fe ff06 	bl	10001888 <__wrap___aeabi_i2d>
10002a7c:	0002      	movs	r2, r0
10002a7e:	000b      	movs	r3, r1
10002a80:	981e      	ldr	r0, [sp, #120]	@ 0x78
10002a82:	991f      	ldr	r1, [sp, #124]	@ 0x7c
10002a84:	f7fe fe61 	bl	1000174a <__wrap___aeabi_dsub>
10002a88:	0006      	movs	r6, r0
10002a8a:	000f      	movs	r7, r1
10002a8c:	2200      	movs	r2, #0
10002a8e:	4b5d      	ldr	r3, [pc, #372]	@ (10002c04 <_ftoa+0x33c>)
10002a90:	f7fe fece 	bl	10001830 <__wrap___aeabi_dcmplt>
10002a94:	2800      	cmp	r0, #0
10002a96:	d146      	bne.n	10002b26 <_ftoa+0x25e>
10002a98:	2200      	movs	r2, #0
10002a9a:	4b5a      	ldr	r3, [pc, #360]	@ (10002c04 <_ftoa+0x33c>)
10002a9c:	0030      	movs	r0, r6
10002a9e:	0039      	movs	r1, r7
10002aa0:	f7fe fedc 	bl	1000185c <__wrap___aeabi_dcmpgt>
10002aa4:	2800      	cmp	r0, #0
10002aa6:	d13e      	bne.n	10002b26 <_ftoa+0x25e>
10002aa8:	07eb      	lsls	r3, r5, #31
10002aaa:	d53c      	bpl.n	10002b26 <_ftoa+0x25e>
10002aac:	3501      	adds	r5, #1
10002aae:	e03a      	b.n	10002b26 <_ftoa+0x25e>
10002ab0:	2706      	movs	r7, #6
10002ab2:	e74d      	b.n	10002950 <_ftoa+0x88>
10002ab4:	2200      	movs	r2, #0
10002ab6:	4b53      	ldr	r3, [pc, #332]	@ (10002c04 <_ftoa+0x33c>)
10002ab8:	9806      	ldr	r0, [sp, #24]
10002aba:	9907      	ldr	r1, [sp, #28]
10002abc:	f7fe feb8 	bl	10001830 <__wrap___aeabi_dcmplt>
10002ac0:	2800      	cmp	r0, #0
10002ac2:	d1d6      	bne.n	10002a72 <_ftoa+0x1aa>
10002ac4:	2e00      	cmp	r6, #0
10002ac6:	d001      	beq.n	10002acc <_ftoa+0x204>
10002ac8:	07f3      	lsls	r3, r6, #31
10002aca:	d5d2      	bpl.n	10002a72 <_ftoa+0x1aa>
10002acc:	3601      	adds	r6, #1
10002ace:	e7d0      	b.n	10002a72 <_ftoa+0x1aa>
10002ad0:	46a8      	mov	r8, r5
10002ad2:	2c1f      	cmp	r4, #31
10002ad4:	d811      	bhi.n	10002afa <_ftoa+0x232>
10002ad6:	3f01      	subs	r7, #1
10002ad8:	210a      	movs	r1, #10
10002ada:	0030      	movs	r0, r6
10002adc:	f7fe fbfa 	bl	100012d4 <__wrap___aeabi_uidiv>
10002ae0:	1c65      	adds	r5, r4, #1
10002ae2:	3130      	adds	r1, #48	@ 0x30
10002ae4:	ab0c      	add	r3, sp, #48	@ 0x30
10002ae6:	5519      	strb	r1, [r3, r4]
10002ae8:	210a      	movs	r1, #10
10002aea:	0030      	movs	r0, r6
10002aec:	f7fe fbf2 	bl	100012d4 <__wrap___aeabi_uidiv>
10002af0:	2e09      	cmp	r6, #9
10002af2:	d90e      	bls.n	10002b12 <_ftoa+0x24a>
10002af4:	0006      	movs	r6, r0
10002af6:	002c      	movs	r4, r5
10002af8:	e7eb      	b.n	10002ad2 <_ftoa+0x20a>
10002afa:	4645      	mov	r5, r8
10002afc:	2c1f      	cmp	r4, #31
10002afe:	d80c      	bhi.n	10002b1a <_ftoa+0x252>
10002b00:	1e7b      	subs	r3, r7, #1
10002b02:	2f00      	cmp	r7, #0
10002b04:	d009      	beq.n	10002b1a <_ftoa+0x252>
10002b06:	aa0c      	add	r2, sp, #48	@ 0x30
10002b08:	2130      	movs	r1, #48	@ 0x30
10002b0a:	5511      	strb	r1, [r2, r4]
10002b0c:	001f      	movs	r7, r3
10002b0e:	3401      	adds	r4, #1
10002b10:	e7f4      	b.n	10002afc <_ftoa+0x234>
10002b12:	002b      	movs	r3, r5
10002b14:	4645      	mov	r5, r8
10002b16:	001c      	movs	r4, r3
10002b18:	e7f0      	b.n	10002afc <_ftoa+0x234>
10002b1a:	2c1f      	cmp	r4, #31
10002b1c:	d803      	bhi.n	10002b26 <_ftoa+0x25e>
10002b1e:	ab0c      	add	r3, sp, #48	@ 0x30
10002b20:	222e      	movs	r2, #46	@ 0x2e
10002b22:	551a      	strb	r2, [r3, r4]
10002b24:	3401      	adds	r4, #1
10002b26:	2c1f      	cmp	r4, #31
10002b28:	d810      	bhi.n	10002b4c <_ftoa+0x284>
10002b2a:	210a      	movs	r1, #10
10002b2c:	0028      	movs	r0, r5
10002b2e:	f7fe fba9 	bl	10001284 <__wrap___aeabi_idiv>
10002b32:	1c66      	adds	r6, r4, #1
10002b34:	3130      	adds	r1, #48	@ 0x30
10002b36:	ab0c      	add	r3, sp, #48	@ 0x30
10002b38:	5519      	strb	r1, [r3, r4]
10002b3a:	210a      	movs	r1, #10
10002b3c:	0028      	movs	r0, r5
10002b3e:	f7fe fba1 	bl	10001284 <__wrap___aeabi_idiv>
10002b42:	1e05      	subs	r5, r0, #0
10002b44:	d001      	beq.n	10002b4a <_ftoa+0x282>
10002b46:	0034      	movs	r4, r6
10002b48:	e7ed      	b.n	10002b26 <_ftoa+0x25e>
10002b4a:	0034      	movs	r4, r6
10002b4c:	9b22      	ldr	r3, [sp, #136]	@ 0x88
10002b4e:	079b      	lsls	r3, r3, #30
10002b50:	d419      	bmi.n	10002b86 <_ftoa+0x2be>
10002b52:	9b22      	ldr	r3, [sp, #136]	@ 0x88
10002b54:	07db      	lsls	r3, r3, #31
10002b56:	d516      	bpl.n	10002b86 <_ftoa+0x2be>
10002b58:	9b21      	ldr	r3, [sp, #132]	@ 0x84
10002b5a:	2b00      	cmp	r3, #0
10002b5c:	d00e      	beq.n	10002b7c <_ftoa+0x2b4>
10002b5e:	9b0b      	ldr	r3, [sp, #44]	@ 0x2c
10002b60:	2b00      	cmp	r3, #0
10002b62:	d103      	bne.n	10002b6c <_ftoa+0x2a4>
10002b64:	330c      	adds	r3, #12
10002b66:	9a22      	ldr	r2, [sp, #136]	@ 0x88
10002b68:	4213      	tst	r3, r2
10002b6a:	d007      	beq.n	10002b7c <_ftoa+0x2b4>
10002b6c:	9b21      	ldr	r3, [sp, #132]	@ 0x84
10002b6e:	3b01      	subs	r3, #1
10002b70:	9321      	str	r3, [sp, #132]	@ 0x84
10002b72:	e003      	b.n	10002b7c <_ftoa+0x2b4>
10002b74:	ab0c      	add	r3, sp, #48	@ 0x30
10002b76:	2230      	movs	r2, #48	@ 0x30
10002b78:	551a      	strb	r2, [r3, r4]
10002b7a:	3401      	adds	r4, #1
10002b7c:	9b21      	ldr	r3, [sp, #132]	@ 0x84
10002b7e:	429c      	cmp	r4, r3
10002b80:	d201      	bcs.n	10002b86 <_ftoa+0x2be>
10002b82:	2c1f      	cmp	r4, #31
10002b84:	d9f6      	bls.n	10002b74 <_ftoa+0x2ac>
10002b86:	2c1f      	cmp	r4, #31
10002b88:	d806      	bhi.n	10002b98 <_ftoa+0x2d0>
10002b8a:	9b0b      	ldr	r3, [sp, #44]	@ 0x2c
10002b8c:	2b00      	cmp	r3, #0
10002b8e:	d017      	beq.n	10002bc0 <_ftoa+0x2f8>
10002b90:	ab0c      	add	r3, sp, #48	@ 0x30
10002b92:	222d      	movs	r2, #45	@ 0x2d
10002b94:	551a      	strb	r2, [r3, r4]
10002b96:	3401      	adds	r4, #1
10002b98:	9b22      	ldr	r3, [sp, #136]	@ 0x88
10002b9a:	9303      	str	r3, [sp, #12]
10002b9c:	9b21      	ldr	r3, [sp, #132]	@ 0x84
10002b9e:	9302      	str	r3, [sp, #8]
10002ba0:	9401      	str	r4, [sp, #4]
10002ba2:	ab0c      	add	r3, sp, #48	@ 0x30
10002ba4:	9300      	str	r3, [sp, #0]
10002ba6:	9b0a      	ldr	r3, [sp, #40]	@ 0x28
10002ba8:	465a      	mov	r2, fp
10002baa:	4651      	mov	r1, sl
10002bac:	4648      	mov	r0, r9
10002bae:	f7ff faa7 	bl	10002100 <_out_rev>
10002bb2:	b015      	add	sp, #84	@ 0x54
10002bb4:	bcf0      	pop	{r4, r5, r6, r7}
10002bb6:	46bb      	mov	fp, r7
10002bb8:	46b2      	mov	sl, r6
10002bba:	46a9      	mov	r9, r5
10002bbc:	46a0      	mov	r8, r4
10002bbe:	bdf0      	pop	{r4, r5, r6, r7, pc}
10002bc0:	9b22      	ldr	r3, [sp, #136]	@ 0x88
10002bc2:	075b      	lsls	r3, r3, #29
10002bc4:	d504      	bpl.n	10002bd0 <_ftoa+0x308>
10002bc6:	ab0c      	add	r3, sp, #48	@ 0x30
10002bc8:	222b      	movs	r2, #43	@ 0x2b
10002bca:	551a      	strb	r2, [r3, r4]
10002bcc:	3401      	adds	r4, #1
10002bce:	e7e3      	b.n	10002b98 <_ftoa+0x2d0>
10002bd0:	9b22      	ldr	r3, [sp, #136]	@ 0x88
10002bd2:	071b      	lsls	r3, r3, #28
10002bd4:	d5e0      	bpl.n	10002b98 <_ftoa+0x2d0>
10002bd6:	ab0c      	add	r3, sp, #48	@ 0x30
10002bd8:	2220      	movs	r2, #32
10002bda:	551a      	strb	r2, [r3, r4]
10002bdc:	3401      	adds	r4, #1
10002bde:	e7db      	b.n	10002b98 <_ftoa+0x2d0>
10002be0:	ffefffff 	.word	0xffefffff
10002be4:	7fefffff 	.word	0x7fefffff
10002be8:	41cdcd65 	.word	0x41cdcd65
10002bec:	c1cdcd65 	.word	0xc1cdcd65
10002bf0:	10003b24 	.word	0x10003b24
10002bf4:	10003b28 	.word	0x10003b28
10002bf8:	10003b18 	.word	0x10003b18
10002bfc:	10003b20 	.word	0x10003b20
10002c00:	10003c80 	.word	0x10003c80
10002c04:	3fe00000 	.word	0x3fe00000

10002c08 <_vsnprintf>:
10002c08:	b5f0      	push	{r4, r5, r6, r7, lr}
10002c0a:	46de      	mov	lr, fp
10002c0c:	4657      	mov	r7, sl
10002c0e:	464e      	mov	r6, r9
10002c10:	4645      	mov	r5, r8
10002c12:	b5e0      	push	{r5, r6, r7, lr}
10002c14:	b093      	sub	sp, #76	@ 0x4c
10002c16:	4683      	mov	fp, r0
10002c18:	468a      	mov	sl, r1
10002c1a:	4690      	mov	r8, r2
10002c1c:	9311      	str	r3, [sp, #68]	@ 0x44
10002c1e:	2900      	cmp	r1, #0
10002c20:	d100      	bne.n	10002c24 <_vsnprintf+0x1c>
10002c22:	e31a      	b.n	1000325a <_vsnprintf+0x652>
10002c24:	2500      	movs	r5, #0
10002c26:	465e      	mov	r6, fp
10002c28:	9b11      	ldr	r3, [sp, #68]	@ 0x44
10002c2a:	7818      	ldrb	r0, [r3, #0]
10002c2c:	2800      	cmp	r0, #0
10002c2e:	d100      	bne.n	10002c32 <_vsnprintf+0x2a>
10002c30:	e316      	b.n	10003260 <_vsnprintf+0x658>
10002c32:	2825      	cmp	r0, #37	@ 0x25
10002c34:	d009      	beq.n	10002c4a <_vsnprintf+0x42>
10002c36:	1c6c      	adds	r4, r5, #1
10002c38:	4643      	mov	r3, r8
10002c3a:	002a      	movs	r2, r5
10002c3c:	4651      	mov	r1, sl
10002c3e:	47b0      	blx	r6
10002c40:	9b11      	ldr	r3, [sp, #68]	@ 0x44
10002c42:	3301      	adds	r3, #1
10002c44:	9311      	str	r3, [sp, #68]	@ 0x44
10002c46:	0025      	movs	r5, r4
10002c48:	e7ee      	b.n	10002c28 <_vsnprintf+0x20>
10002c4a:	3301      	adds	r3, #1
10002c4c:	9311      	str	r3, [sp, #68]	@ 0x44
10002c4e:	2700      	movs	r7, #0
10002c50:	e012      	b.n	10002c78 <_vsnprintf+0x70>
10002c52:	2a20      	cmp	r2, #32
10002c54:	d025      	beq.n	10002ca2 <_vsnprintf+0x9a>
10002c56:	2a23      	cmp	r2, #35	@ 0x23
10002c58:	d105      	bne.n	10002c66 <_vsnprintf+0x5e>
10002c5a:	2210      	movs	r2, #16
10002c5c:	4317      	orrs	r7, r2
10002c5e:	3301      	adds	r3, #1
10002c60:	9311      	str	r3, [sp, #68]	@ 0x44
10002c62:	2401      	movs	r4, #1
10002c64:	e006      	b.n	10002c74 <_vsnprintf+0x6c>
10002c66:	2400      	movs	r4, #0
10002c68:	e004      	b.n	10002c74 <_vsnprintf+0x6c>
10002c6a:	2202      	movs	r2, #2
10002c6c:	4317      	orrs	r7, r2
10002c6e:	3301      	adds	r3, #1
10002c70:	9311      	str	r3, [sp, #68]	@ 0x44
10002c72:	2401      	movs	r4, #1
10002c74:	2c00      	cmp	r4, #0
10002c76:	d01c      	beq.n	10002cb2 <_vsnprintf+0xaa>
10002c78:	9b11      	ldr	r3, [sp, #68]	@ 0x44
10002c7a:	781a      	ldrb	r2, [r3, #0]
10002c7c:	2a2b      	cmp	r2, #43	@ 0x2b
10002c7e:	d00a      	beq.n	10002c96 <_vsnprintf+0x8e>
10002c80:	d9e7      	bls.n	10002c52 <_vsnprintf+0x4a>
10002c82:	2a2d      	cmp	r2, #45	@ 0x2d
10002c84:	d0f1      	beq.n	10002c6a <_vsnprintf+0x62>
10002c86:	2a30      	cmp	r2, #48	@ 0x30
10002c88:	d111      	bne.n	10002cae <_vsnprintf+0xa6>
10002c8a:	3a2f      	subs	r2, #47	@ 0x2f
10002c8c:	4317      	orrs	r7, r2
10002c8e:	3301      	adds	r3, #1
10002c90:	9311      	str	r3, [sp, #68]	@ 0x44
10002c92:	2401      	movs	r4, #1
10002c94:	e7ee      	b.n	10002c74 <_vsnprintf+0x6c>
10002c96:	2204      	movs	r2, #4
10002c98:	4317      	orrs	r7, r2
10002c9a:	3301      	adds	r3, #1
10002c9c:	9311      	str	r3, [sp, #68]	@ 0x44
10002c9e:	2401      	movs	r4, #1
10002ca0:	e7e8      	b.n	10002c74 <_vsnprintf+0x6c>
10002ca2:	2208      	movs	r2, #8
10002ca4:	4317      	orrs	r7, r2
10002ca6:	3301      	adds	r3, #1
10002ca8:	9311      	str	r3, [sp, #68]	@ 0x44
10002caa:	2401      	movs	r4, #1
10002cac:	e7e2      	b.n	10002c74 <_vsnprintf+0x6c>
10002cae:	2400      	movs	r4, #0
10002cb0:	e7e0      	b.n	10002c74 <_vsnprintf+0x6c>
10002cb2:	9b11      	ldr	r3, [sp, #68]	@ 0x44
10002cb4:	781a      	ldrb	r2, [r3, #0]
10002cb6:	0013      	movs	r3, r2
10002cb8:	3b30      	subs	r3, #48	@ 0x30
10002cba:	b2db      	uxtb	r3, r3
10002cbc:	2b09      	cmp	r3, #9
10002cbe:	d915      	bls.n	10002cec <_vsnprintf+0xe4>
10002cc0:	2a2a      	cmp	r2, #42	@ 0x2a
10002cc2:	d018      	beq.n	10002cf6 <_vsnprintf+0xee>
10002cc4:	940b      	str	r4, [sp, #44]	@ 0x2c
10002cc6:	9b11      	ldr	r3, [sp, #68]	@ 0x44
10002cc8:	781a      	ldrb	r2, [r3, #0]
10002cca:	2a2e      	cmp	r2, #46	@ 0x2e
10002ccc:	d023      	beq.n	10002d16 <_vsnprintf+0x10e>
10002cce:	9b11      	ldr	r3, [sp, #68]	@ 0x44
10002cd0:	781a      	ldrb	r2, [r3, #0]
10002cd2:	2a6c      	cmp	r2, #108	@ 0x6c
10002cd4:	d047      	beq.n	10002d66 <_vsnprintf+0x15e>
10002cd6:	d93c      	bls.n	10002d52 <_vsnprintf+0x14a>
10002cd8:	2a74      	cmp	r2, #116	@ 0x74
10002cda:	d062      	beq.n	10002da2 <_vsnprintf+0x19a>
10002cdc:	2a7a      	cmp	r2, #122	@ 0x7a
10002cde:	d165      	bne.n	10002dac <_vsnprintf+0x1a4>
10002ce0:	2280      	movs	r2, #128	@ 0x80
10002ce2:	0052      	lsls	r2, r2, #1
10002ce4:	4317      	orrs	r7, r2
10002ce6:	3301      	adds	r3, #1
10002ce8:	9311      	str	r3, [sp, #68]	@ 0x44
10002cea:	e05f      	b.n	10002dac <_vsnprintf+0x1a4>
10002cec:	a811      	add	r0, sp, #68	@ 0x44
10002cee:	f7ff f9f5 	bl	100020dc <_atoi>
10002cf2:	900b      	str	r0, [sp, #44]	@ 0x2c
10002cf4:	e7e7      	b.n	10002cc6 <_vsnprintf+0xbe>
10002cf6:	9b1c      	ldr	r3, [sp, #112]	@ 0x70
10002cf8:	1d1a      	adds	r2, r3, #4
10002cfa:	921c      	str	r2, [sp, #112]	@ 0x70
10002cfc:	681b      	ldr	r3, [r3, #0]
10002cfe:	2b00      	cmp	r3, #0
10002d00:	db04      	blt.n	10002d0c <_vsnprintf+0x104>
10002d02:	930b      	str	r3, [sp, #44]	@ 0x2c
10002d04:	9b11      	ldr	r3, [sp, #68]	@ 0x44
10002d06:	3301      	adds	r3, #1
10002d08:	9311      	str	r3, [sp, #68]	@ 0x44
10002d0a:	e7dc      	b.n	10002cc6 <_vsnprintf+0xbe>
10002d0c:	2202      	movs	r2, #2
10002d0e:	4317      	orrs	r7, r2
10002d10:	425b      	negs	r3, r3
10002d12:	930b      	str	r3, [sp, #44]	@ 0x2c
10002d14:	e7f6      	b.n	10002d04 <_vsnprintf+0xfc>
10002d16:	2280      	movs	r2, #128	@ 0x80
10002d18:	00d2      	lsls	r2, r2, #3
10002d1a:	4317      	orrs	r7, r2
10002d1c:	1c5a      	adds	r2, r3, #1
10002d1e:	9211      	str	r2, [sp, #68]	@ 0x44
10002d20:	785a      	ldrb	r2, [r3, #1]
10002d22:	0013      	movs	r3, r2
10002d24:	3b30      	subs	r3, #48	@ 0x30
10002d26:	b2db      	uxtb	r3, r3
10002d28:	2b09      	cmp	r3, #9
10002d2a:	d90b      	bls.n	10002d44 <_vsnprintf+0x13c>
10002d2c:	2a2a      	cmp	r2, #42	@ 0x2a
10002d2e:	d1ce      	bne.n	10002cce <_vsnprintf+0xc6>
10002d30:	9b1c      	ldr	r3, [sp, #112]	@ 0x70
10002d32:	1d1a      	adds	r2, r3, #4
10002d34:	921c      	str	r2, [sp, #112]	@ 0x70
10002d36:	681c      	ldr	r4, [r3, #0]
10002d38:	2c00      	cmp	r4, #0
10002d3a:	db08      	blt.n	10002d4e <_vsnprintf+0x146>
10002d3c:	9b11      	ldr	r3, [sp, #68]	@ 0x44
10002d3e:	3301      	adds	r3, #1
10002d40:	9311      	str	r3, [sp, #68]	@ 0x44
10002d42:	e7c4      	b.n	10002cce <_vsnprintf+0xc6>
10002d44:	a811      	add	r0, sp, #68	@ 0x44
10002d46:	f7ff f9c9 	bl	100020dc <_atoi>
10002d4a:	0004      	movs	r4, r0
10002d4c:	e7bf      	b.n	10002cce <_vsnprintf+0xc6>
10002d4e:	2400      	movs	r4, #0
10002d50:	e7f4      	b.n	10002d3c <_vsnprintf+0x134>
10002d52:	2a68      	cmp	r2, #104	@ 0x68
10002d54:	d017      	beq.n	10002d86 <_vsnprintf+0x17e>
10002d56:	2a6a      	cmp	r2, #106	@ 0x6a
10002d58:	d128      	bne.n	10002dac <_vsnprintf+0x1a4>
10002d5a:	2280      	movs	r2, #128	@ 0x80
10002d5c:	0092      	lsls	r2, r2, #2
10002d5e:	4317      	orrs	r7, r2
10002d60:	3301      	adds	r3, #1
10002d62:	9311      	str	r3, [sp, #68]	@ 0x44
10002d64:	e022      	b.n	10002dac <_vsnprintf+0x1a4>
10002d66:	2280      	movs	r2, #128	@ 0x80
10002d68:	0052      	lsls	r2, r2, #1
10002d6a:	433a      	orrs	r2, r7
10002d6c:	1c59      	adds	r1, r3, #1
10002d6e:	9111      	str	r1, [sp, #68]	@ 0x44
10002d70:	7859      	ldrb	r1, [r3, #1]
10002d72:	296c      	cmp	r1, #108	@ 0x6c
10002d74:	d001      	beq.n	10002d7a <_vsnprintf+0x172>
10002d76:	0017      	movs	r7, r2
10002d78:	e018      	b.n	10002dac <_vsnprintf+0x1a4>
10002d7a:	22c0      	movs	r2, #192	@ 0xc0
10002d7c:	0092      	lsls	r2, r2, #2
10002d7e:	4317      	orrs	r7, r2
10002d80:	3302      	adds	r3, #2
10002d82:	9311      	str	r3, [sp, #68]	@ 0x44
10002d84:	e012      	b.n	10002dac <_vsnprintf+0x1a4>
10002d86:	2280      	movs	r2, #128	@ 0x80
10002d88:	433a      	orrs	r2, r7
10002d8a:	1c59      	adds	r1, r3, #1
10002d8c:	9111      	str	r1, [sp, #68]	@ 0x44
10002d8e:	7859      	ldrb	r1, [r3, #1]
10002d90:	2968      	cmp	r1, #104	@ 0x68
10002d92:	d001      	beq.n	10002d98 <_vsnprintf+0x190>
10002d94:	0017      	movs	r7, r2
10002d96:	e009      	b.n	10002dac <_vsnprintf+0x1a4>
10002d98:	22c0      	movs	r2, #192	@ 0xc0
10002d9a:	4317      	orrs	r7, r2
10002d9c:	3302      	adds	r3, #2
10002d9e:	9311      	str	r3, [sp, #68]	@ 0x44
10002da0:	e004      	b.n	10002dac <_vsnprintf+0x1a4>
10002da2:	2280      	movs	r2, #128	@ 0x80
10002da4:	0052      	lsls	r2, r2, #1
10002da6:	4317      	orrs	r7, r2
10002da8:	3301      	adds	r3, #1
10002daa:	9311      	str	r3, [sp, #68]	@ 0x44
10002dac:	9b11      	ldr	r3, [sp, #68]	@ 0x44
10002dae:	7818      	ldrb	r0, [r3, #0]
10002db0:	2865      	cmp	r0, #101	@ 0x65
10002db2:	d040      	beq.n	10002e36 <_vsnprintf+0x22e>
10002db4:	d877      	bhi.n	10002ea6 <_vsnprintf+0x29e>
10002db6:	2846      	cmp	r0, #70	@ 0x46
10002db8:	d100      	bne.n	10002dbc <_vsnprintf+0x1b4>
10002dba:	e08b      	b.n	10002ed4 <_vsnprintf+0x2cc>
10002dbc:	d91b      	bls.n	10002df6 <_vsnprintf+0x1ee>
10002dbe:	2863      	cmp	r0, #99	@ 0x63
10002dc0:	d131      	bne.n	10002e26 <_vsnprintf+0x21e>
10002dc2:	2302      	movs	r3, #2
10002dc4:	001a      	movs	r2, r3
10002dc6:	403a      	ands	r2, r7
10002dc8:	4691      	mov	r9, r2
10002dca:	423b      	tst	r3, r7
10002dcc:	d100      	bne.n	10002dd0 <_vsnprintf+0x1c8>
10002dce:	e1b0      	b.n	10003132 <_vsnprintf+0x52a>
10002dd0:	2401      	movs	r4, #1
10002dd2:	9b1c      	ldr	r3, [sp, #112]	@ 0x70
10002dd4:	1d1a      	adds	r2, r3, #4
10002dd6:	921c      	str	r2, [sp, #112]	@ 0x70
10002dd8:	1c6f      	adds	r7, r5, #1
10002dda:	7818      	ldrb	r0, [r3, #0]
10002ddc:	4643      	mov	r3, r8
10002dde:	002a      	movs	r2, r5
10002de0:	4651      	mov	r1, sl
10002de2:	47b0      	blx	r6
10002de4:	464b      	mov	r3, r9
10002de6:	2b00      	cmp	r3, #0
10002de8:	d000      	beq.n	10002dec <_vsnprintf+0x1e4>
10002dea:	e1a6      	b.n	1000313a <_vsnprintf+0x532>
10002dec:	9b11      	ldr	r3, [sp, #68]	@ 0x44
10002dee:	3301      	adds	r3, #1
10002df0:	9311      	str	r3, [sp, #68]	@ 0x44
10002df2:	003d      	movs	r5, r7
10002df4:	e718      	b.n	10002c28 <_vsnprintf+0x20>
10002df6:	2825      	cmp	r0, #37	@ 0x25
10002df8:	d109      	bne.n	10002e0e <_vsnprintf+0x206>
10002dfa:	1c6c      	adds	r4, r5, #1
10002dfc:	4643      	mov	r3, r8
10002dfe:	002a      	movs	r2, r5
10002e00:	4651      	mov	r1, sl
10002e02:	47b0      	blx	r6
10002e04:	9b11      	ldr	r3, [sp, #68]	@ 0x44
10002e06:	3301      	adds	r3, #1
10002e08:	9311      	str	r3, [sp, #68]	@ 0x44
10002e0a:	0025      	movs	r5, r4
10002e0c:	e70c      	b.n	10002c28 <_vsnprintf+0x20>
10002e0e:	2845      	cmp	r0, #69	@ 0x45
10002e10:	d011      	beq.n	10002e36 <_vsnprintf+0x22e>
10002e12:	1c6c      	adds	r4, r5, #1
10002e14:	4643      	mov	r3, r8
10002e16:	002a      	movs	r2, r5
10002e18:	4651      	mov	r1, sl
10002e1a:	47b0      	blx	r6
10002e1c:	9b11      	ldr	r3, [sp, #68]	@ 0x44
10002e1e:	3301      	adds	r3, #1
10002e20:	9311      	str	r3, [sp, #68]	@ 0x44
10002e22:	0025      	movs	r5, r4
10002e24:	e700      	b.n	10002c28 <_vsnprintf+0x20>
10002e26:	2863      	cmp	r0, #99	@ 0x63
10002e28:	d82b      	bhi.n	10002e82 <_vsnprintf+0x27a>
10002e2a:	2858      	cmp	r0, #88	@ 0x58
10002e2c:	d02b      	beq.n	10002e86 <_vsnprintf+0x27e>
10002e2e:	2862      	cmp	r0, #98	@ 0x62
10002e30:	d029      	beq.n	10002e86 <_vsnprintf+0x27e>
10002e32:	2847      	cmp	r0, #71	@ 0x47
10002e34:	d1ed      	bne.n	10002e12 <_vsnprintf+0x20a>
10002e36:	2867      	cmp	r0, #103	@ 0x67
10002e38:	d001      	beq.n	10002e3e <_vsnprintf+0x236>
10002e3a:	2847      	cmp	r0, #71	@ 0x47
10002e3c:	d102      	bne.n	10002e44 <_vsnprintf+0x23c>
10002e3e:	2380      	movs	r3, #128	@ 0x80
10002e40:	011b      	lsls	r3, r3, #4
10002e42:	431f      	orrs	r7, r3
10002e44:	2845      	cmp	r0, #69	@ 0x45
10002e46:	d001      	beq.n	10002e4c <_vsnprintf+0x244>
10002e48:	2847      	cmp	r0, #71	@ 0x47
10002e4a:	d101      	bne.n	10002e50 <_vsnprintf+0x248>
10002e4c:	2320      	movs	r3, #32
10002e4e:	431f      	orrs	r7, r3
10002e50:	9b1c      	ldr	r3, [sp, #112]	@ 0x70
10002e52:	3307      	adds	r3, #7
10002e54:	2207      	movs	r2, #7
10002e56:	4393      	bics	r3, r2
10002e58:	001a      	movs	r2, r3
10002e5a:	3208      	adds	r2, #8
10002e5c:	921c      	str	r2, [sp, #112]	@ 0x70
10002e5e:	9704      	str	r7, [sp, #16]
10002e60:	9a0b      	ldr	r2, [sp, #44]	@ 0x2c
10002e62:	9203      	str	r2, [sp, #12]
10002e64:	9402      	str	r4, [sp, #8]
10002e66:	cb0c      	ldmia	r3, {r2, r3}
10002e68:	9200      	str	r2, [sp, #0]
10002e6a:	9301      	str	r3, [sp, #4]
10002e6c:	4643      	mov	r3, r8
10002e6e:	002a      	movs	r2, r5
10002e70:	4651      	mov	r1, sl
10002e72:	0030      	movs	r0, r6
10002e74:	f7ff fb04 	bl	10002480 <_etoa>
10002e78:	0005      	movs	r5, r0
10002e7a:	9b11      	ldr	r3, [sp, #68]	@ 0x44
10002e7c:	3301      	adds	r3, #1
10002e7e:	9311      	str	r3, [sp, #68]	@ 0x44
10002e80:	e6d2      	b.n	10002c28 <_vsnprintf+0x20>
10002e82:	2864      	cmp	r0, #100	@ 0x64
10002e84:	d1c5      	bne.n	10002e12 <_vsnprintf+0x20a>
10002e86:	2878      	cmp	r0, #120	@ 0x78
10002e88:	d04d      	beq.n	10002f26 <_vsnprintf+0x31e>
10002e8a:	2858      	cmp	r0, #88	@ 0x58
10002e8c:	d100      	bne.n	10002e90 <_vsnprintf+0x288>
10002e8e:	e07c      	b.n	10002f8a <_vsnprintf+0x382>
10002e90:	286f      	cmp	r0, #111	@ 0x6f
10002e92:	d100      	bne.n	10002e96 <_vsnprintf+0x28e>
10002e94:	e07c      	b.n	10002f90 <_vsnprintf+0x388>
10002e96:	2862      	cmp	r0, #98	@ 0x62
10002e98:	d100      	bne.n	10002e9c <_vsnprintf+0x294>
10002e9a:	e07c      	b.n	10002f96 <_vsnprintf+0x38e>
10002e9c:	2310      	movs	r3, #16
10002e9e:	439f      	bics	r7, r3
10002ea0:	3b06      	subs	r3, #6
10002ea2:	469c      	mov	ip, r3
10002ea4:	e041      	b.n	10002f2a <_vsnprintf+0x322>
10002ea6:	2870      	cmp	r0, #112	@ 0x70
10002ea8:	d100      	bne.n	10002eac <_vsnprintf+0x2a4>
10002eaa:	e1bc      	b.n	10003226 <_vsnprintf+0x61e>
10002eac:	d90d      	bls.n	10002eca <_vsnprintf+0x2c2>
10002eae:	2873      	cmp	r0, #115	@ 0x73
10002eb0:	d131      	bne.n	10002f16 <_vsnprintf+0x30e>
10002eb2:	9b1c      	ldr	r3, [sp, #112]	@ 0x70
10002eb4:	1d1a      	adds	r2, r3, #4
10002eb6:	921c      	str	r2, [sp, #112]	@ 0x70
10002eb8:	681b      	ldr	r3, [r3, #0]
10002eba:	469b      	mov	fp, r3
10002ebc:	2c00      	cmp	r4, #0
10002ebe:	d000      	beq.n	10002ec2 <_vsnprintf+0x2ba>
10002ec0:	e16e      	b.n	100031a0 <_vsnprintf+0x598>
10002ec2:	2201      	movs	r2, #1
10002ec4:	4252      	negs	r2, r2
10002ec6:	465b      	mov	r3, fp
10002ec8:	e14a      	b.n	10003160 <_vsnprintf+0x558>
10002eca:	2867      	cmp	r0, #103	@ 0x67
10002ecc:	d0b3      	beq.n	10002e36 <_vsnprintf+0x22e>
10002ece:	d81d      	bhi.n	10002f0c <_vsnprintf+0x304>
10002ed0:	2866      	cmp	r0, #102	@ 0x66
10002ed2:	d19e      	bne.n	10002e12 <_vsnprintf+0x20a>
10002ed4:	2846      	cmp	r0, #70	@ 0x46
10002ed6:	d100      	bne.n	10002eda <_vsnprintf+0x2d2>
10002ed8:	e11c      	b.n	10003114 <_vsnprintf+0x50c>
10002eda:	9b1c      	ldr	r3, [sp, #112]	@ 0x70
10002edc:	3307      	adds	r3, #7
10002ede:	2207      	movs	r2, #7
10002ee0:	4393      	bics	r3, r2
10002ee2:	001a      	movs	r2, r3
10002ee4:	3208      	adds	r2, #8
10002ee6:	921c      	str	r2, [sp, #112]	@ 0x70
10002ee8:	9704      	str	r7, [sp, #16]
10002eea:	9a0b      	ldr	r2, [sp, #44]	@ 0x2c
10002eec:	9203      	str	r2, [sp, #12]
10002eee:	9402      	str	r4, [sp, #8]
10002ef0:	cb0c      	ldmia	r3, {r2, r3}
10002ef2:	9200      	str	r2, [sp, #0]
10002ef4:	9301      	str	r3, [sp, #4]
10002ef6:	4643      	mov	r3, r8
10002ef8:	002a      	movs	r2, r5
10002efa:	4651      	mov	r1, sl
10002efc:	0030      	movs	r0, r6
10002efe:	f7ff fce3 	bl	100028c8 <_ftoa>
10002f02:	0005      	movs	r5, r0
10002f04:	9b11      	ldr	r3, [sp, #68]	@ 0x44
10002f06:	3301      	adds	r3, #1
10002f08:	9311      	str	r3, [sp, #68]	@ 0x44
10002f0a:	e68d      	b.n	10002c28 <_vsnprintf+0x20>
10002f0c:	2869      	cmp	r0, #105	@ 0x69
10002f0e:	d0ba      	beq.n	10002e86 <_vsnprintf+0x27e>
10002f10:	286f      	cmp	r0, #111	@ 0x6f
10002f12:	d0b8      	beq.n	10002e86 <_vsnprintf+0x27e>
10002f14:	e77d      	b.n	10002e12 <_vsnprintf+0x20a>
10002f16:	2873      	cmp	r0, #115	@ 0x73
10002f18:	d200      	bcs.n	10002f1c <_vsnprintf+0x314>
10002f1a:	e77a      	b.n	10002e12 <_vsnprintf+0x20a>
10002f1c:	2875      	cmp	r0, #117	@ 0x75
10002f1e:	d0b2      	beq.n	10002e86 <_vsnprintf+0x27e>
10002f20:	2878      	cmp	r0, #120	@ 0x78
10002f22:	d0b0      	beq.n	10002e86 <_vsnprintf+0x27e>
10002f24:	e775      	b.n	10002e12 <_vsnprintf+0x20a>
10002f26:	2310      	movs	r3, #16
10002f28:	469c      	mov	ip, r3
10002f2a:	2858      	cmp	r0, #88	@ 0x58
10002f2c:	d036      	beq.n	10002f9c <_vsnprintf+0x394>
10002f2e:	2869      	cmp	r0, #105	@ 0x69
10002f30:	d003      	beq.n	10002f3a <_vsnprintf+0x332>
10002f32:	2864      	cmp	r0, #100	@ 0x64
10002f34:	d001      	beq.n	10002f3a <_vsnprintf+0x332>
10002f36:	220c      	movs	r2, #12
10002f38:	4397      	bics	r7, r2
10002f3a:	057a      	lsls	r2, r7, #21
10002f3c:	d501      	bpl.n	10002f42 <_vsnprintf+0x33a>
10002f3e:	2201      	movs	r2, #1
10002f40:	4397      	bics	r7, r2
10002f42:	2869      	cmp	r0, #105	@ 0x69
10002f44:	d02d      	beq.n	10002fa2 <_vsnprintf+0x39a>
10002f46:	2864      	cmp	r0, #100	@ 0x64
10002f48:	d02b      	beq.n	10002fa2 <_vsnprintf+0x39a>
10002f4a:	05ba      	lsls	r2, r7, #22
10002f4c:	d500      	bpl.n	10002f50 <_vsnprintf+0x348>
10002f4e:	e0a3      	b.n	10003098 <_vsnprintf+0x490>
10002f50:	05fa      	lsls	r2, r7, #23
10002f52:	d500      	bpl.n	10002f56 <_vsnprintf+0x34e>
10002f54:	e0bb      	b.n	100030ce <_vsnprintf+0x4c6>
10002f56:	067a      	lsls	r2, r7, #25
10002f58:	d400      	bmi.n	10002f5c <_vsnprintf+0x354>
10002f5a:	e0cd      	b.n	100030f8 <_vsnprintf+0x4f0>
10002f5c:	9a1c      	ldr	r2, [sp, #112]	@ 0x70
10002f5e:	1d11      	adds	r1, r2, #4
10002f60:	911c      	str	r1, [sp, #112]	@ 0x70
10002f62:	6811      	ldr	r1, [r2, #0]
10002f64:	22ff      	movs	r2, #255	@ 0xff
10002f66:	400a      	ands	r2, r1
10002f68:	9705      	str	r7, [sp, #20]
10002f6a:	9b0b      	ldr	r3, [sp, #44]	@ 0x2c
10002f6c:	9304      	str	r3, [sp, #16]
10002f6e:	9403      	str	r4, [sp, #12]
10002f70:	4663      	mov	r3, ip
10002f72:	9302      	str	r3, [sp, #8]
10002f74:	2300      	movs	r3, #0
10002f76:	9301      	str	r3, [sp, #4]
10002f78:	9200      	str	r2, [sp, #0]
10002f7a:	4643      	mov	r3, r8
10002f7c:	002a      	movs	r2, r5
10002f7e:	4651      	mov	r1, sl
10002f80:	0030      	movs	r0, r6
10002f82:	f7ff f9a5 	bl	100022d0 <_ntoa_long>
10002f86:	0005      	movs	r5, r0
10002f88:	e02a      	b.n	10002fe0 <_vsnprintf+0x3d8>
10002f8a:	2310      	movs	r3, #16
10002f8c:	469c      	mov	ip, r3
10002f8e:	e7cc      	b.n	10002f2a <_vsnprintf+0x322>
10002f90:	2308      	movs	r3, #8
10002f92:	469c      	mov	ip, r3
10002f94:	e7c9      	b.n	10002f2a <_vsnprintf+0x322>
10002f96:	2302      	movs	r3, #2
10002f98:	469c      	mov	ip, r3
10002f9a:	e7c6      	b.n	10002f2a <_vsnprintf+0x322>
10002f9c:	2220      	movs	r2, #32
10002f9e:	4317      	orrs	r7, r2
10002fa0:	e7c5      	b.n	10002f2e <_vsnprintf+0x326>
10002fa2:	05ba      	lsls	r2, r7, #22
10002fa4:	d420      	bmi.n	10002fe8 <_vsnprintf+0x3e0>
10002fa6:	05fa      	lsls	r2, r7, #23
10002fa8:	d451      	bmi.n	1000304e <_vsnprintf+0x446>
10002faa:	067a      	lsls	r2, r7, #25
10002fac:	d567      	bpl.n	1000307e <_vsnprintf+0x476>
10002fae:	9a1c      	ldr	r2, [sp, #112]	@ 0x70
10002fb0:	1d11      	adds	r1, r2, #4
10002fb2:	911c      	str	r1, [sp, #112]	@ 0x70
10002fb4:	6811      	ldr	r1, [r2, #0]
10002fb6:	22ff      	movs	r2, #255	@ 0xff
10002fb8:	400a      	ands	r2, r1
10002fba:	17d0      	asrs	r0, r2, #31
10002fbc:	1811      	adds	r1, r2, r0
10002fbe:	4041      	eors	r1, r0
10002fc0:	9705      	str	r7, [sp, #20]
10002fc2:	9b0b      	ldr	r3, [sp, #44]	@ 0x2c
10002fc4:	9304      	str	r3, [sp, #16]
10002fc6:	9403      	str	r4, [sp, #12]
10002fc8:	4663      	mov	r3, ip
10002fca:	9302      	str	r3, [sp, #8]
10002fcc:	0fd2      	lsrs	r2, r2, #31
10002fce:	9201      	str	r2, [sp, #4]
10002fd0:	9100      	str	r1, [sp, #0]
10002fd2:	4643      	mov	r3, r8
10002fd4:	002a      	movs	r2, r5
10002fd6:	4651      	mov	r1, sl
10002fd8:	0030      	movs	r0, r6
10002fda:	f7ff f979 	bl	100022d0 <_ntoa_long>
10002fde:	0005      	movs	r5, r0
10002fe0:	9b11      	ldr	r3, [sp, #68]	@ 0x44
10002fe2:	3301      	adds	r3, #1
10002fe4:	9311      	str	r3, [sp, #68]	@ 0x44
10002fe6:	e61f      	b.n	10002c28 <_vsnprintf+0x20>
10002fe8:	9a1c      	ldr	r2, [sp, #112]	@ 0x70
10002fea:	3207      	adds	r2, #7
10002fec:	2107      	movs	r1, #7
10002fee:	438a      	bics	r2, r1
10002ff0:	0011      	movs	r1, r2
10002ff2:	3108      	adds	r1, #8
10002ff4:	911c      	str	r1, [sp, #112]	@ 0x70
10002ff6:	6811      	ldr	r1, [r2, #0]
10002ff8:	6853      	ldr	r3, [r2, #4]
10002ffa:	4699      	mov	r9, r3
10002ffc:	17db      	asrs	r3, r3, #31
10002ffe:	930c      	str	r3, [sp, #48]	@ 0x30
10003000:	930d      	str	r3, [sp, #52]	@ 0x34
10003002:	9a0c      	ldr	r2, [sp, #48]	@ 0x30
10003004:	9b0d      	ldr	r3, [sp, #52]	@ 0x34
10003006:	0010      	movs	r0, r2
10003008:	4048      	eors	r0, r1
1000300a:	900e      	str	r0, [sp, #56]	@ 0x38
1000300c:	9b0d      	ldr	r3, [sp, #52]	@ 0x34
1000300e:	4649      	mov	r1, r9
10003010:	404b      	eors	r3, r1
10003012:	930f      	str	r3, [sp, #60]	@ 0x3c
10003014:	980e      	ldr	r0, [sp, #56]	@ 0x38
10003016:	990f      	ldr	r1, [sp, #60]	@ 0x3c
10003018:	9a0c      	ldr	r2, [sp, #48]	@ 0x30
1000301a:	9b0d      	ldr	r3, [sp, #52]	@ 0x34
1000301c:	1a80      	subs	r0, r0, r2
1000301e:	4199      	sbcs	r1, r3
10003020:	900e      	str	r0, [sp, #56]	@ 0x38
10003022:	910f      	str	r1, [sp, #60]	@ 0x3c
10003024:	9708      	str	r7, [sp, #32]
10003026:	9b0b      	ldr	r3, [sp, #44]	@ 0x2c
10003028:	9307      	str	r3, [sp, #28]
1000302a:	9406      	str	r4, [sp, #24]
1000302c:	4663      	mov	r3, ip
1000302e:	9304      	str	r3, [sp, #16]
10003030:	2300      	movs	r3, #0
10003032:	9305      	str	r3, [sp, #20]
10003034:	464b      	mov	r3, r9
10003036:	0fda      	lsrs	r2, r3, #31
10003038:	9202      	str	r2, [sp, #8]
1000303a:	9000      	str	r0, [sp, #0]
1000303c:	9101      	str	r1, [sp, #4]
1000303e:	4643      	mov	r3, r8
10003040:	002a      	movs	r2, r5
10003042:	4651      	mov	r1, sl
10003044:	0030      	movs	r0, r6
10003046:	f7ff f99f 	bl	10002388 <_ntoa_long_long>
1000304a:	0005      	movs	r5, r0
1000304c:	e7c8      	b.n	10002fe0 <_vsnprintf+0x3d8>
1000304e:	9a1c      	ldr	r2, [sp, #112]	@ 0x70
10003050:	1d11      	adds	r1, r2, #4
10003052:	911c      	str	r1, [sp, #112]	@ 0x70
10003054:	6812      	ldr	r2, [r2, #0]
10003056:	17d0      	asrs	r0, r2, #31
10003058:	1811      	adds	r1, r2, r0
1000305a:	4041      	eors	r1, r0
1000305c:	9705      	str	r7, [sp, #20]
1000305e:	9b0b      	ldr	r3, [sp, #44]	@ 0x2c
10003060:	9304      	str	r3, [sp, #16]
10003062:	9403      	str	r4, [sp, #12]
10003064:	4663      	mov	r3, ip
10003066:	9302      	str	r3, [sp, #8]
10003068:	0fd2      	lsrs	r2, r2, #31
1000306a:	9201      	str	r2, [sp, #4]
1000306c:	9100      	str	r1, [sp, #0]
1000306e:	4643      	mov	r3, r8
10003070:	002a      	movs	r2, r5
10003072:	4651      	mov	r1, sl
10003074:	0030      	movs	r0, r6
10003076:	f7ff f92b 	bl	100022d0 <_ntoa_long>
1000307a:	0005      	movs	r5, r0
1000307c:	e7b0      	b.n	10002fe0 <_vsnprintf+0x3d8>
1000307e:	063a      	lsls	r2, r7, #24
10003080:	d505      	bpl.n	1000308e <_vsnprintf+0x486>
10003082:	9a1c      	ldr	r2, [sp, #112]	@ 0x70
10003084:	1d11      	adds	r1, r2, #4
10003086:	911c      	str	r1, [sp, #112]	@ 0x70
10003088:	2300      	movs	r3, #0
1000308a:	5ed2      	ldrsh	r2, [r2, r3]
1000308c:	e795      	b.n	10002fba <_vsnprintf+0x3b2>
1000308e:	9a1c      	ldr	r2, [sp, #112]	@ 0x70
10003090:	1d11      	adds	r1, r2, #4
10003092:	911c      	str	r1, [sp, #112]	@ 0x70
10003094:	6812      	ldr	r2, [r2, #0]
10003096:	e790      	b.n	10002fba <_vsnprintf+0x3b2>
10003098:	9a1c      	ldr	r2, [sp, #112]	@ 0x70
1000309a:	3207      	adds	r2, #7
1000309c:	2107      	movs	r1, #7
1000309e:	438a      	bics	r2, r1
100030a0:	0011      	movs	r1, r2
100030a2:	3108      	adds	r1, #8
100030a4:	911c      	str	r1, [sp, #112]	@ 0x70
100030a6:	9708      	str	r7, [sp, #32]
100030a8:	9b0b      	ldr	r3, [sp, #44]	@ 0x2c
100030aa:	9307      	str	r3, [sp, #28]
100030ac:	9406      	str	r4, [sp, #24]
100030ae:	4663      	mov	r3, ip
100030b0:	9304      	str	r3, [sp, #16]
100030b2:	2300      	movs	r3, #0
100030b4:	9305      	str	r3, [sp, #20]
100030b6:	9302      	str	r3, [sp, #8]
100030b8:	ca0c      	ldmia	r2, {r2, r3}
100030ba:	9200      	str	r2, [sp, #0]
100030bc:	9301      	str	r3, [sp, #4]
100030be:	4643      	mov	r3, r8
100030c0:	002a      	movs	r2, r5
100030c2:	4651      	mov	r1, sl
100030c4:	0030      	movs	r0, r6
100030c6:	f7ff f95f 	bl	10002388 <_ntoa_long_long>
100030ca:	0005      	movs	r5, r0
100030cc:	e788      	b.n	10002fe0 <_vsnprintf+0x3d8>
100030ce:	9a1c      	ldr	r2, [sp, #112]	@ 0x70
100030d0:	1d11      	adds	r1, r2, #4
100030d2:	911c      	str	r1, [sp, #112]	@ 0x70
100030d4:	9705      	str	r7, [sp, #20]
100030d6:	9b0b      	ldr	r3, [sp, #44]	@ 0x2c
100030d8:	9304      	str	r3, [sp, #16]
100030da:	9403      	str	r4, [sp, #12]
100030dc:	4663      	mov	r3, ip
100030de:	9302      	str	r3, [sp, #8]
100030e0:	2300      	movs	r3, #0
100030e2:	9301      	str	r3, [sp, #4]
100030e4:	6813      	ldr	r3, [r2, #0]
100030e6:	9300      	str	r3, [sp, #0]
100030e8:	4643      	mov	r3, r8
100030ea:	002a      	movs	r2, r5
100030ec:	4651      	mov	r1, sl
100030ee:	0030      	movs	r0, r6
100030f0:	f7ff f8ee 	bl	100022d0 <_ntoa_long>
100030f4:	0005      	movs	r5, r0
100030f6:	e773      	b.n	10002fe0 <_vsnprintf+0x3d8>
100030f8:	063a      	lsls	r2, r7, #24
100030fa:	d506      	bpl.n	1000310a <_vsnprintf+0x502>
100030fc:	9a1c      	ldr	r2, [sp, #112]	@ 0x70
100030fe:	1d11      	adds	r1, r2, #4
10003100:	911c      	str	r1, [sp, #112]	@ 0x70
10003102:	6812      	ldr	r2, [r2, #0]
10003104:	0412      	lsls	r2, r2, #16
10003106:	0c12      	lsrs	r2, r2, #16
10003108:	e72e      	b.n	10002f68 <_vsnprintf+0x360>
1000310a:	9a1c      	ldr	r2, [sp, #112]	@ 0x70
1000310c:	1d11      	adds	r1, r2, #4
1000310e:	911c      	str	r1, [sp, #112]	@ 0x70
10003110:	6812      	ldr	r2, [r2, #0]
10003112:	e729      	b.n	10002f68 <_vsnprintf+0x360>
10003114:	2320      	movs	r3, #32
10003116:	431f      	orrs	r7, r3
10003118:	e6df      	b.n	10002eda <_vsnprintf+0x2d2>
1000311a:	1c57      	adds	r7, r2, #1
1000311c:	4643      	mov	r3, r8
1000311e:	4651      	mov	r1, sl
10003120:	2020      	movs	r0, #32
10003122:	47b0      	blx	r6
10003124:	0023      	movs	r3, r4
10003126:	003a      	movs	r2, r7
10003128:	1c5c      	adds	r4, r3, #1
1000312a:	429d      	cmp	r5, r3
1000312c:	d8f5      	bhi.n	1000311a <_vsnprintf+0x512>
1000312e:	0015      	movs	r5, r2
10003130:	e64f      	b.n	10002dd2 <_vsnprintf+0x1ca>
10003132:	2301      	movs	r3, #1
10003134:	002a      	movs	r2, r5
10003136:	9d0b      	ldr	r5, [sp, #44]	@ 0x2c
10003138:	e7f6      	b.n	10003128 <_vsnprintf+0x520>
1000313a:	003a      	movs	r2, r7
1000313c:	46b1      	mov	r9, r6
1000313e:	9e0b      	ldr	r6, [sp, #44]	@ 0x2c
10003140:	e006      	b.n	10003150 <_vsnprintf+0x548>
10003142:	1c57      	adds	r7, r2, #1
10003144:	4643      	mov	r3, r8
10003146:	4651      	mov	r1, sl
10003148:	2020      	movs	r0, #32
1000314a:	47c8      	blx	r9
1000314c:	002c      	movs	r4, r5
1000314e:	003a      	movs	r2, r7
10003150:	1c65      	adds	r5, r4, #1
10003152:	42a6      	cmp	r6, r4
10003154:	d8f5      	bhi.n	10003142 <_vsnprintf+0x53a>
10003156:	0017      	movs	r7, r2
10003158:	464e      	mov	r6, r9
1000315a:	e647      	b.n	10002dec <_vsnprintf+0x1e4>
1000315c:	3301      	adds	r3, #1
1000315e:	000a      	movs	r2, r1
10003160:	7819      	ldrb	r1, [r3, #0]
10003162:	2900      	cmp	r1, #0
10003164:	d002      	beq.n	1000316c <_vsnprintf+0x564>
10003166:	1e51      	subs	r1, r2, #1
10003168:	2a00      	cmp	r2, #0
1000316a:	d1f7      	bne.n	1000315c <_vsnprintf+0x554>
1000316c:	465a      	mov	r2, fp
1000316e:	1a9b      	subs	r3, r3, r2
10003170:	2280      	movs	r2, #128	@ 0x80
10003172:	00d2      	lsls	r2, r2, #3
10003174:	0039      	movs	r1, r7
10003176:	4011      	ands	r1, r2
10003178:	4689      	mov	r9, r1
1000317a:	4217      	tst	r7, r2
1000317c:	d002      	beq.n	10003184 <_vsnprintf+0x57c>
1000317e:	42a3      	cmp	r3, r4
10003180:	d900      	bls.n	10003184 <_vsnprintf+0x57c>
10003182:	0023      	movs	r3, r4
10003184:	2202      	movs	r2, #2
10003186:	0011      	movs	r1, r2
10003188:	4039      	ands	r1, r7
1000318a:	9110      	str	r1, [sp, #64]	@ 0x40
1000318c:	423a      	tst	r2, r7
1000318e:	d009      	beq.n	100031a4 <_vsnprintf+0x59c>
10003190:	002a      	movs	r2, r5
10003192:	0025      	movs	r5, r4
10003194:	465f      	mov	r7, fp
10003196:	469b      	mov	fp, r3
10003198:	0033      	movs	r3, r6
1000319a:	464e      	mov	r6, r9
1000319c:	4699      	mov	r9, r3
1000319e:	e021      	b.n	100031e4 <_vsnprintf+0x5dc>
100031a0:	0022      	movs	r2, r4
100031a2:	e690      	b.n	10002ec6 <_vsnprintf+0x2be>
100031a4:	002a      	movs	r2, r5
100031a6:	4655      	mov	r5, sl
100031a8:	46a2      	mov	sl, r4
100031aa:	e006      	b.n	100031ba <_vsnprintf+0x5b2>
100031ac:	1c54      	adds	r4, r2, #1
100031ae:	4643      	mov	r3, r8
100031b0:	0029      	movs	r1, r5
100031b2:	2020      	movs	r0, #32
100031b4:	47b0      	blx	r6
100031b6:	003b      	movs	r3, r7
100031b8:	0022      	movs	r2, r4
100031ba:	1c5f      	adds	r7, r3, #1
100031bc:	990b      	ldr	r1, [sp, #44]	@ 0x2c
100031be:	4299      	cmp	r1, r3
100031c0:	d8f4      	bhi.n	100031ac <_vsnprintf+0x5a4>
100031c2:	4654      	mov	r4, sl
100031c4:	46aa      	mov	sl, r5
100031c6:	003b      	movs	r3, r7
100031c8:	0025      	movs	r5, r4
100031ca:	465f      	mov	r7, fp
100031cc:	469b      	mov	fp, r3
100031ce:	0033      	movs	r3, r6
100031d0:	464e      	mov	r6, r9
100031d2:	4699      	mov	r9, r3
100031d4:	e006      	b.n	100031e4 <_vsnprintf+0x5dc>
100031d6:	001d      	movs	r5, r3
100031d8:	3701      	adds	r7, #1
100031da:	1c54      	adds	r4, r2, #1
100031dc:	4643      	mov	r3, r8
100031de:	4651      	mov	r1, sl
100031e0:	47c8      	blx	r9
100031e2:	0022      	movs	r2, r4
100031e4:	7838      	ldrb	r0, [r7, #0]
100031e6:	2800      	cmp	r0, #0
100031e8:	d004      	beq.n	100031f4 <_vsnprintf+0x5ec>
100031ea:	2e00      	cmp	r6, #0
100031ec:	d0f4      	beq.n	100031d8 <_vsnprintf+0x5d0>
100031ee:	1e6b      	subs	r3, r5, #1
100031f0:	2d00      	cmp	r5, #0
100031f2:	d1f0      	bne.n	100031d6 <_vsnprintf+0x5ce>
100031f4:	0015      	movs	r5, r2
100031f6:	465b      	mov	r3, fp
100031f8:	464e      	mov	r6, r9
100031fa:	9a10      	ldr	r2, [sp, #64]	@ 0x40
100031fc:	2a00      	cmp	r2, #0
100031fe:	d103      	bne.n	10003208 <_vsnprintf+0x600>
10003200:	9b11      	ldr	r3, [sp, #68]	@ 0x44
10003202:	3301      	adds	r3, #1
10003204:	9311      	str	r3, [sp, #68]	@ 0x44
10003206:	e50f      	b.n	10002c28 <_vsnprintf+0x20>
10003208:	002a      	movs	r2, r5
1000320a:	9f0b      	ldr	r7, [sp, #44]	@ 0x2c
1000320c:	e006      	b.n	1000321c <_vsnprintf+0x614>
1000320e:	1c55      	adds	r5, r2, #1
10003210:	4643      	mov	r3, r8
10003212:	4651      	mov	r1, sl
10003214:	2020      	movs	r0, #32
10003216:	47b0      	blx	r6
10003218:	0023      	movs	r3, r4
1000321a:	002a      	movs	r2, r5
1000321c:	1c5c      	adds	r4, r3, #1
1000321e:	429f      	cmp	r7, r3
10003220:	d8f5      	bhi.n	1000320e <_vsnprintf+0x606>
10003222:	0015      	movs	r5, r2
10003224:	e7ec      	b.n	10003200 <_vsnprintf+0x5f8>
10003226:	2321      	movs	r3, #33	@ 0x21
10003228:	433b      	orrs	r3, r7
1000322a:	9a1c      	ldr	r2, [sp, #112]	@ 0x70
1000322c:	1d11      	adds	r1, r2, #4
1000322e:	911c      	str	r1, [sp, #112]	@ 0x70
10003230:	6812      	ldr	r2, [r2, #0]
10003232:	9305      	str	r3, [sp, #20]
10003234:	2308      	movs	r3, #8
10003236:	9304      	str	r3, [sp, #16]
10003238:	9403      	str	r4, [sp, #12]
1000323a:	3308      	adds	r3, #8
1000323c:	9302      	str	r3, [sp, #8]
1000323e:	2300      	movs	r3, #0
10003240:	9301      	str	r3, [sp, #4]
10003242:	9200      	str	r2, [sp, #0]
10003244:	4643      	mov	r3, r8
10003246:	002a      	movs	r2, r5
10003248:	4651      	mov	r1, sl
1000324a:	0030      	movs	r0, r6
1000324c:	f7ff f840 	bl	100022d0 <_ntoa_long>
10003250:	0005      	movs	r5, r0
10003252:	9b11      	ldr	r3, [sp, #68]	@ 0x44
10003254:	3301      	adds	r3, #1
10003256:	9311      	str	r3, [sp, #68]	@ 0x44
10003258:	e4e6      	b.n	10002c28 <_vsnprintf+0x20>
1000325a:	4b0b      	ldr	r3, [pc, #44]	@ (10003288 <_vsnprintf+0x680>)
1000325c:	469b      	mov	fp, r3
1000325e:	e4e1      	b.n	10002c24 <_vsnprintf+0x1c>
10003260:	46b3      	mov	fp, r6
10003262:	4545      	cmp	r5, r8
10003264:	d30d      	bcc.n	10003282 <_vsnprintf+0x67a>
10003266:	4643      	mov	r3, r8
10003268:	1e5a      	subs	r2, r3, #1
1000326a:	4643      	mov	r3, r8
1000326c:	4651      	mov	r1, sl
1000326e:	2000      	movs	r0, #0
10003270:	47d8      	blx	fp
10003272:	0028      	movs	r0, r5
10003274:	b013      	add	sp, #76	@ 0x4c
10003276:	bcf0      	pop	{r4, r5, r6, r7}
10003278:	46bb      	mov	fp, r7
1000327a:	46b2      	mov	sl, r6
1000327c:	46a9      	mov	r9, r5
1000327e:	46a0      	mov	r8, r4
10003280:	bdf0      	pop	{r4, r5, r6, r7, pc}
10003282:	002a      	movs	r2, r5
10003284:	e7f1      	b.n	1000326a <_vsnprintf+0x662>
10003286:	46c0      	nop			@ (mov r8, r8)
10003288:	100020cd 	.word	0x100020cd

1000328c <vfctprintf>:
1000328c:	b500      	push	{lr}
1000328e:	b085      	sub	sp, #20
10003290:	468c      	mov	ip, r1
10003292:	a902      	add	r1, sp, #8
10003294:	9002      	str	r0, [sp, #8]
10003296:	4660      	mov	r0, ip
10003298:	6048      	str	r0, [r1, #4]
1000329a:	2001      	movs	r0, #1
1000329c:	4684      	mov	ip, r0
1000329e:	4804      	ldr	r0, [pc, #16]	@ (100032b0 <vfctprintf+0x24>)
100032a0:	9300      	str	r3, [sp, #0]
100032a2:	0013      	movs	r3, r2
100032a4:	4662      	mov	r2, ip
100032a6:	4252      	negs	r2, r2
100032a8:	f7ff fcae 	bl	10002c08 <_vsnprintf>
100032ac:	b005      	add	sp, #20
100032ae:	bd00      	pop	{pc}
100032b0:	100020cf 	.word	0x100020cf

100032b4 <_exit>:
100032b4:	be00      	bkpt	0x0000
100032b6:	e7fd      	b.n	100032b4 <_exit>

100032b8 <_fini>:
100032b8:	4770      	bx	lr

100032ba <exit>:
100032ba:	b510      	push	{r4, lr}
100032bc:	f7ff fffa 	bl	100032b4 <_exit>

100032c0 <__assert_func>:
100032c0:	b510      	push	{r4, lr}
100032c2:	b082      	sub	sp, #8
100032c4:	4684      	mov	ip, r0
100032c6:	000c      	movs	r4, r1
100032c8:	0019      	movs	r1, r3
100032ca:	2a00      	cmp	r2, #0
100032cc:	d00a      	beq.n	100032e4 <__assert_func+0x24>
100032ce:	4b07      	ldr	r3, [pc, #28]	@ (100032ec <__assert_func+0x2c>)
100032d0:	4807      	ldr	r0, [pc, #28]	@ (100032f0 <__assert_func+0x30>)
100032d2:	9201      	str	r2, [sp, #4]
100032d4:	9300      	str	r3, [sp, #0]
100032d6:	0023      	movs	r3, r4
100032d8:	4662      	mov	r2, ip
100032da:	f000 f941 	bl	10003560 <__wrap_printf>
100032de:	2001      	movs	r0, #1
100032e0:	f7ff ffe8 	bl	100032b4 <_exit>
100032e4:	4b03      	ldr	r3, [pc, #12]	@ (100032f4 <__assert_func+0x34>)
100032e6:	001a      	movs	r2, r3
100032e8:	e7f2      	b.n	100032d0 <__assert_func+0x10>
100032ea:	46c0      	nop			@ (mov r8, r8)
100032ec:	10003b30 	.word	0x10003b30
100032f0:	10003b40 	.word	0x10003b40
100032f4:	10003b3c 	.word	0x10003b3c

100032f8 <runtime_init>:
100032f8:	b510      	push	{r4, lr}
100032fa:	f3ef 8305 	mrs	r3, IPSR
100032fe:	2b00      	cmp	r3, #0
10003300:	d000      	beq.n	10003304 <runtime_init+0xc>
10003302:	be00      	bkpt	0x0000
10003304:	f7fd fece 	bl	100010a4 <runtime_run_initializers>
10003308:	4c03      	ldr	r4, [pc, #12]	@ (10003318 <runtime_init+0x20>)
1000330a:	e001      	b.n	10003310 <runtime_init+0x18>
1000330c:	cc08      	ldmia	r4!, {r3}
1000330e:	4798      	blx	r3
10003310:	4b02      	ldr	r3, [pc, #8]	@ (1000331c <runtime_init+0x24>)
10003312:	429c      	cmp	r4, r3
10003314:	d3fa      	bcc.n	1000330c <runtime_init+0x14>
10003316:	bd10      	pop	{r4, pc}
10003318:	10003654 	.word	0x10003654
1000331c:	10003654 	.word	0x10003654

10003320 <stdio_out_chars_no_crlf>:
10003320:	b510      	push	{r4, lr}
10003322:	0003      	movs	r3, r0
10003324:	0008      	movs	r0, r1
10003326:	0011      	movs	r1, r2
10003328:	681b      	ldr	r3, [r3, #0]
1000332a:	4798      	blx	r3
1000332c:	bd10      	pop	{r4, pc}
	...

10003330 <stdio_out_chars_crlf>:
10003330:	b5f8      	push	{r3, r4, r5, r6, r7, lr}
10003332:	0007      	movs	r7, r0
10003334:	000d      	movs	r5, r1
10003336:	0016      	movs	r6, r2
10003338:	7d43      	ldrb	r3, [r0, #21]
1000333a:	2b00      	cmp	r3, #0
1000333c:	d002      	beq.n	10003344 <stdio_out_chars_crlf+0x14>
1000333e:	2400      	movs	r4, #0
10003340:	2000      	movs	r0, #0
10003342:	e00c      	b.n	1000335e <stdio_out_chars_crlf+0x2e>
10003344:	6803      	ldr	r3, [r0, #0]
10003346:	0011      	movs	r1, r2
10003348:	0028      	movs	r0, r5
1000334a:	4798      	blx	r3
1000334c:	e02b      	b.n	100033a6 <stdio_out_chars_crlf+0x76>
1000334e:	7d3b      	ldrb	r3, [r7, #20]
10003350:	e00f      	b.n	10003372 <stdio_out_chars_crlf+0x42>
10003352:	683b      	ldr	r3, [r7, #0]
10003354:	4814      	ldr	r0, [pc, #80]	@ (100033a8 <stdio_out_chars_crlf+0x78>)
10003356:	2102      	movs	r1, #2
10003358:	4798      	blx	r3
1000335a:	1c60      	adds	r0, r4, #1
1000335c:	3401      	adds	r4, #1
1000335e:	42b4      	cmp	r4, r6
10003360:	da13      	bge.n	1000338a <stdio_out_chars_crlf+0x5a>
10003362:	2c00      	cmp	r4, #0
10003364:	ddf3      	ble.n	1000334e <stdio_out_chars_crlf+0x1e>
10003366:	1e63      	subs	r3, r4, #1
10003368:	5ceb      	ldrb	r3, [r5, r3]
1000336a:	3b0d      	subs	r3, #13
1000336c:	425a      	negs	r2, r3
1000336e:	4153      	adcs	r3, r2
10003370:	b2db      	uxtb	r3, r3
10003372:	5d2a      	ldrb	r2, [r5, r4]
10003374:	2a0a      	cmp	r2, #10
10003376:	d1f1      	bne.n	1000335c <stdio_out_chars_crlf+0x2c>
10003378:	2b00      	cmp	r3, #0
1000337a:	d1ef      	bne.n	1000335c <stdio_out_chars_crlf+0x2c>
1000337c:	42a0      	cmp	r0, r4
1000337e:	dae8      	bge.n	10003352 <stdio_out_chars_crlf+0x22>
10003380:	683b      	ldr	r3, [r7, #0]
10003382:	1a21      	subs	r1, r4, r0
10003384:	1828      	adds	r0, r5, r0
10003386:	4798      	blx	r3
10003388:	e7e3      	b.n	10003352 <stdio_out_chars_crlf+0x22>
1000338a:	42b0      	cmp	r0, r6
1000338c:	da03      	bge.n	10003396 <stdio_out_chars_crlf+0x66>
1000338e:	683b      	ldr	r3, [r7, #0]
10003390:	1a31      	subs	r1, r6, r0
10003392:	1828      	adds	r0, r5, r0
10003394:	4798      	blx	r3
10003396:	2e00      	cmp	r6, #0
10003398:	dd05      	ble.n	100033a6 <stdio_out_chars_crlf+0x76>
1000339a:	3e01      	subs	r6, #1
1000339c:	5dab      	ldrb	r3, [r5, r6]
1000339e:	3b0d      	subs	r3, #13
100033a0:	425a      	negs	r2, r3
100033a2:	4153      	adcs	r3, r2
100033a4:	753b      	strb	r3, [r7, #20]
100033a6:	bdf8      	pop	{r3, r4, r5, r6, r7, pc}
100033a8:	10003cd0 	.word	0x10003cd0

100033ac <stdio_stack_buffer_flush>:
100033ac:	b570      	push	{r4, r5, r6, lr}
100033ae:	0005      	movs	r5, r0
100033b0:	6803      	ldr	r3, [r0, #0]
100033b2:	2b00      	cmp	r3, #0
100033b4:	d016      	beq.n	100033e4 <stdio_stack_buffer_flush+0x38>
100033b6:	4b0c      	ldr	r3, [pc, #48]	@ (100033e8 <stdio_stack_buffer_flush+0x3c>)
100033b8:	681c      	ldr	r4, [r3, #0]
100033ba:	e005      	b.n	100033c8 <stdio_stack_buffer_flush+0x1c>
100033bc:	0029      	movs	r1, r5
100033be:	c904      	ldmia	r1!, {r2}
100033c0:	0020      	movs	r0, r4
100033c2:	f7ff ffb5 	bl	10003330 <stdio_out_chars_crlf>
100033c6:	6924      	ldr	r4, [r4, #16]
100033c8:	2c00      	cmp	r4, #0
100033ca:	d009      	beq.n	100033e0 <stdio_stack_buffer_flush+0x34>
100033cc:	6823      	ldr	r3, [r4, #0]
100033ce:	2b00      	cmp	r3, #0
100033d0:	d0f9      	beq.n	100033c6 <stdio_stack_buffer_flush+0x1a>
100033d2:	4b06      	ldr	r3, [pc, #24]	@ (100033ec <stdio_stack_buffer_flush+0x40>)
100033d4:	681b      	ldr	r3, [r3, #0]
100033d6:	2b00      	cmp	r3, #0
100033d8:	d0f0      	beq.n	100033bc <stdio_stack_buffer_flush+0x10>
100033da:	42a3      	cmp	r3, r4
100033dc:	d1f3      	bne.n	100033c6 <stdio_stack_buffer_flush+0x1a>
100033de:	e7ed      	b.n	100033bc <stdio_stack_buffer_flush+0x10>
100033e0:	2300      	movs	r3, #0
100033e2:	602b      	str	r3, [r5, #0]
100033e4:	bd70      	pop	{r4, r5, r6, pc}
100033e6:	46c0      	nop			@ (mov r8, r8)
100033e8:	20000434 	.word	0x20000434
100033ec:	20000438 	.word	0x20000438

100033f0 <stdio_buffered_printer>:
100033f0:	b510      	push	{r4, lr}
100033f2:	680b      	ldr	r3, [r1, #0]
100033f4:	1c5a      	adds	r2, r3, #1
100033f6:	600a      	str	r2, [r1, #0]
100033f8:	18cb      	adds	r3, r1, r3
100033fa:	7118      	strb	r0, [r3, #4]
100033fc:	2a80      	cmp	r2, #128	@ 0x80
100033fe:	d000      	beq.n	10003402 <stdio_buffered_printer+0x12>
10003400:	bd10      	pop	{r4, pc}
10003402:	0008      	movs	r0, r1
10003404:	f7ff ffd2 	bl	100033ac <stdio_stack_buffer_flush>
10003408:	e7fa      	b.n	10003400 <stdio_buffered_printer+0x10>
	...

1000340c <stdout_serialize_begin>:
1000340c:	b510      	push	{r4, lr}
1000340e:	f7fd fcc9 	bl	10000da4 <time_us_64>
10003412:	4a07      	ldr	r2, [pc, #28]	@ (10003430 <stdout_serialize_begin+0x24>)
10003414:	2300      	movs	r3, #0
10003416:	1812      	adds	r2, r2, r0
10003418:	414b      	adcs	r3, r1
1000341a:	2b00      	cmp	r3, #0
1000341c:	db03      	blt.n	10003426 <stdout_serialize_begin+0x1a>
1000341e:	4805      	ldr	r0, [pc, #20]	@ (10003434 <stdout_serialize_begin+0x28>)
10003420:	f000 f8da 	bl	100035d8 <__mutex_try_enter_block_until_veneer>
10003424:	bd10      	pop	{r4, pc}
10003426:	2201      	movs	r2, #1
10003428:	4252      	negs	r2, r2
1000342a:	4b03      	ldr	r3, [pc, #12]	@ (10003438 <stdout_serialize_begin+0x2c>)
1000342c:	e7f7      	b.n	1000341e <stdout_serialize_begin+0x12>
1000342e:	46c0      	nop			@ (mov r8, r8)
10003430:	000f4240 	.word	0x000f4240
10003434:	20000280 	.word	0x20000280
10003438:	7fffffff 	.word	0x7fffffff

1000343c <stdout_serialize_end>:
1000343c:	b510      	push	{r4, lr}
1000343e:	4802      	ldr	r0, [pc, #8]	@ (10003448 <stdout_serialize_end+0xc>)
10003440:	f000 f8da 	bl	100035f8 <__mutex_exit_veneer>
10003444:	bd10      	pop	{r4, pc}
10003446:	46c0      	nop			@ (mov r8, r8)
10003448:	20000280 	.word	0x20000280

1000344c <stdio_put_string>:
1000344c:	b5f0      	push	{r4, r5, r6, r7, lr}
1000344e:	46ce      	mov	lr, r9
10003450:	4647      	mov	r7, r8
10003452:	b580      	push	{r7, lr}
10003454:	b083      	sub	sp, #12
10003456:	4680      	mov	r8, r0
10003458:	000d      	movs	r5, r1
1000345a:	0016      	movs	r6, r2
1000345c:	001c      	movs	r4, r3
1000345e:	f7ff ffd5 	bl	1000340c <stdout_serialize_begin>
10003462:	4681      	mov	r9, r0
10003464:	1c6b      	adds	r3, r5, #1
10003466:	d005      	beq.n	10003474 <stdio_put_string+0x28>
10003468:	2c00      	cmp	r4, #0
1000346a:	d008      	beq.n	1000347e <stdio_put_string+0x32>
1000346c:	4f18      	ldr	r7, [pc, #96]	@ (100034d0 <stdio_put_string+0x84>)
1000346e:	4b19      	ldr	r3, [pc, #100]	@ (100034d4 <stdio_put_string+0x88>)
10003470:	681c      	ldr	r4, [r3, #0]
10003472:	e007      	b.n	10003484 <stdio_put_string+0x38>
10003474:	4640      	mov	r0, r8
10003476:	f000 f87f 	bl	10003578 <strlen>
1000347a:	0005      	movs	r5, r0
1000347c:	e7f4      	b.n	10003468 <stdio_put_string+0x1c>
1000347e:	4f16      	ldr	r7, [pc, #88]	@ (100034d8 <stdio_put_string+0x8c>)
10003480:	e7f5      	b.n	1000346e <stdio_put_string+0x22>
10003482:	6924      	ldr	r4, [r4, #16]
10003484:	2c00      	cmp	r4, #0
10003486:	d016      	beq.n	100034b6 <stdio_put_string+0x6a>
10003488:	6823      	ldr	r3, [r4, #0]
1000348a:	2b00      	cmp	r3, #0
1000348c:	d0f9      	beq.n	10003482 <stdio_put_string+0x36>
1000348e:	4b13      	ldr	r3, [pc, #76]	@ (100034dc <stdio_put_string+0x90>)
10003490:	681b      	ldr	r3, [r3, #0]
10003492:	2b00      	cmp	r3, #0
10003494:	d001      	beq.n	1000349a <stdio_put_string+0x4e>
10003496:	42a3      	cmp	r3, r4
10003498:	d1f3      	bne.n	10003482 <stdio_put_string+0x36>
1000349a:	002a      	movs	r2, r5
1000349c:	4641      	mov	r1, r8
1000349e:	0020      	movs	r0, r4
100034a0:	47b8      	blx	r7
100034a2:	2e00      	cmp	r6, #0
100034a4:	d0ed      	beq.n	10003482 <stdio_put_string+0x36>
100034a6:	466b      	mov	r3, sp
100034a8:	1dd9      	adds	r1, r3, #7
100034aa:	230a      	movs	r3, #10
100034ac:	700b      	strb	r3, [r1, #0]
100034ae:	2201      	movs	r2, #1
100034b0:	0020      	movs	r0, r4
100034b2:	47b8      	blx	r7
100034b4:	e7e5      	b.n	10003482 <stdio_put_string+0x36>
100034b6:	464b      	mov	r3, r9
100034b8:	2b00      	cmp	r3, #0
100034ba:	d105      	bne.n	100034c8 <stdio_put_string+0x7c>
100034bc:	0028      	movs	r0, r5
100034be:	b003      	add	sp, #12
100034c0:	bcc0      	pop	{r6, r7}
100034c2:	46b9      	mov	r9, r7
100034c4:	46b0      	mov	r8, r6
100034c6:	bdf0      	pop	{r4, r5, r6, r7, pc}
100034c8:	f7ff ffb8 	bl	1000343c <stdout_serialize_end>
100034cc:	e7f6      	b.n	100034bc <stdio_put_string+0x70>
100034ce:	46c0      	nop			@ (mov r8, r8)
100034d0:	10003331 	.word	0x10003331
100034d4:	20000434 	.word	0x20000434
100034d8:	10003321 	.word	0x10003321
100034dc:	20000438 	.word	0x20000438

100034e0 <stdio_flush>:
100034e0:	b510      	push	{r4, lr}
100034e2:	4b06      	ldr	r3, [pc, #24]	@ (100034fc <stdio_flush+0x1c>)
100034e4:	681c      	ldr	r4, [r3, #0]
100034e6:	e000      	b.n	100034ea <stdio_flush+0xa>
100034e8:	6924      	ldr	r4, [r4, #16]
100034ea:	2c00      	cmp	r4, #0
100034ec:	d004      	beq.n	100034f8 <stdio_flush+0x18>
100034ee:	6863      	ldr	r3, [r4, #4]
100034f0:	2b00      	cmp	r3, #0
100034f2:	d0f9      	beq.n	100034e8 <stdio_flush+0x8>
100034f4:	4798      	blx	r3
100034f6:	e7f7      	b.n	100034e8 <stdio_flush+0x8>
100034f8:	bd10      	pop	{r4, pc}
100034fa:	46c0      	nop			@ (mov r8, r8)
100034fc:	20000434 	.word	0x20000434

10003500 <__wrap_puts>:
10003500:	b570      	push	{r4, r5, r6, lr}
10003502:	0005      	movs	r5, r0
10003504:	f000 f838 	bl	10003578 <strlen>
10003508:	0004      	movs	r4, r0
1000350a:	2301      	movs	r3, #1
1000350c:	2201      	movs	r2, #1
1000350e:	0001      	movs	r1, r0
10003510:	0028      	movs	r0, r5
10003512:	f7ff ff9b 	bl	1000344c <stdio_put_string>
10003516:	f7ff ffe3 	bl	100034e0 <stdio_flush>
1000351a:	0020      	movs	r0, r4
1000351c:	bd70      	pop	{r4, r5, r6, pc}
	...

10003520 <__wrap_vprintf>:
10003520:	b5f0      	push	{r4, r5, r6, r7, lr}
10003522:	b0a3      	sub	sp, #140	@ 0x8c
10003524:	0007      	movs	r7, r0
10003526:	000e      	movs	r6, r1
10003528:	f7ff ff70 	bl	1000340c <stdout_serialize_begin>
1000352c:	0005      	movs	r5, r0
1000352e:	ac01      	add	r4, sp, #4
10003530:	2300      	movs	r3, #0
10003532:	9301      	str	r3, [sp, #4]
10003534:	4809      	ldr	r0, [pc, #36]	@ (1000355c <__wrap_vprintf+0x3c>)
10003536:	0033      	movs	r3, r6
10003538:	003a      	movs	r2, r7
1000353a:	0021      	movs	r1, r4
1000353c:	f7ff fea6 	bl	1000328c <vfctprintf>
10003540:	0006      	movs	r6, r0
10003542:	0020      	movs	r0, r4
10003544:	f7ff ff32 	bl	100033ac <stdio_stack_buffer_flush>
10003548:	f7ff ffca 	bl	100034e0 <stdio_flush>
1000354c:	2d00      	cmp	r5, #0
1000354e:	d102      	bne.n	10003556 <__wrap_vprintf+0x36>
10003550:	0030      	movs	r0, r6
10003552:	b023      	add	sp, #140	@ 0x8c
10003554:	bdf0      	pop	{r4, r5, r6, r7, pc}
10003556:	f7ff ff71 	bl	1000343c <stdout_serialize_end>
1000355a:	e7f9      	b.n	10003550 <__wrap_vprintf+0x30>
1000355c:	100033f1 	.word	0x100033f1

10003560 <__wrap_printf>:
10003560:	b40f      	push	{r0, r1, r2, r3}
10003562:	b500      	push	{lr}
10003564:	b083      	sub	sp, #12
10003566:	a904      	add	r1, sp, #16
10003568:	c901      	ldmia	r1!, {r0}
1000356a:	9101      	str	r1, [sp, #4]
1000356c:	f7ff ffd8 	bl	10003520 <__wrap_vprintf>
10003570:	b003      	add	sp, #12
10003572:	bc08      	pop	{r3}
10003574:	b004      	add	sp, #16
10003576:	4718      	bx	r3

10003578 <strlen>:
10003578:	0003      	movs	r3, r0
1000357a:	4684      	mov	ip, r0
1000357c:	079b      	lsls	r3, r3, #30
1000357e:	d00b      	beq.n	10003598 <strlen+0x20>
10003580:	0003      	movs	r3, r0
10003582:	2103      	movs	r1, #3
10003584:	e002      	b.n	1000358c <strlen+0x14>
10003586:	3301      	adds	r3, #1
10003588:	420b      	tst	r3, r1
1000358a:	d006      	beq.n	1000359a <strlen+0x22>
1000358c:	781a      	ldrb	r2, [r3, #0]
1000358e:	2a00      	cmp	r2, #0
10003590:	d1f9      	bne.n	10003586 <strlen+0xe>
10003592:	4662      	mov	r2, ip
10003594:	1a98      	subs	r0, r3, r2
10003596:	4770      	bx	lr
10003598:	0003      	movs	r3, r0
1000359a:	6819      	ldr	r1, [r3, #0]
1000359c:	4a0c      	ldr	r2, [pc, #48]	@ (100035d0 <strlen+0x58>)
1000359e:	480d      	ldr	r0, [pc, #52]	@ (100035d4 <strlen+0x5c>)
100035a0:	188a      	adds	r2, r1, r2
100035a2:	438a      	bics	r2, r1
100035a4:	4202      	tst	r2, r0
100035a6:	d10f      	bne.n	100035c8 <strlen+0x50>
100035a8:	6859      	ldr	r1, [r3, #4]
100035aa:	4a09      	ldr	r2, [pc, #36]	@ (100035d0 <strlen+0x58>)
100035ac:	3304      	adds	r3, #4
100035ae:	188a      	adds	r2, r1, r2
100035b0:	438a      	bics	r2, r1
100035b2:	4202      	tst	r2, r0
100035b4:	d108      	bne.n	100035c8 <strlen+0x50>
100035b6:	6859      	ldr	r1, [r3, #4]
100035b8:	4a05      	ldr	r2, [pc, #20]	@ (100035d0 <strlen+0x58>)
100035ba:	3304      	adds	r3, #4
100035bc:	188a      	adds	r2, r1, r2
100035be:	438a      	bics	r2, r1
100035c0:	4202      	tst	r2, r0
100035c2:	d0f1      	beq.n	100035a8 <strlen+0x30>
100035c4:	e000      	b.n	100035c8 <strlen+0x50>
100035c6:	3301      	adds	r3, #1
100035c8:	781a      	ldrb	r2, [r3, #0]
100035ca:	2a00      	cmp	r2, #0
100035cc:	d1fb      	bne.n	100035c6 <strlen+0x4e>
100035ce:	e7e0      	b.n	10003592 <strlen+0x1a>
100035d0:	fefefeff 	.word	0xfefefeff
100035d4:	80808080 	.word	0x80808080

100035d8 <__mutex_try_enter_block_until_veneer>:
100035d8:	b401      	push	{r0}
100035da:	4802      	ldr	r0, [pc, #8]	@ (100035e4 <__mutex_try_enter_block_until_veneer+0xc>)
100035dc:	4684      	mov	ip, r0
100035de:	bc01      	pop	{r0}
100035e0:	4760      	bx	ip
100035e2:	bf00      	nop
100035e4:	20000189 	.word	0x20000189

100035e8 <____aeabi_ldiv0_veneer>:
100035e8:	b401      	push	{r0}
100035ea:	4802      	ldr	r0, [pc, #8]	@ (100035f4 <____aeabi_ldiv0_veneer+0xc>)
100035ec:	4684      	mov	ip, r0
100035ee:	bc01      	pop	{r0}
100035f0:	4760      	bx	ip
100035f2:	bf00      	nop
100035f4:	20000209 	.word	0x20000209

100035f8 <__mutex_exit_veneer>:
100035f8:	b401      	push	{r0}
100035fa:	4802      	ldr	r0, [pc, #8]	@ (10003604 <__mutex_exit_veneer+0xc>)
100035fc:	4684      	mov	ip, r0
100035fe:	bc01      	pop	{r0}
10003600:	4760      	bx	ip
10003602:	bf00      	nop
10003604:	200001bd 	.word	0x200001bd

10003608 <____aeabi_idiv0_veneer>:
10003608:	b401      	push	{r0}
1000360a:	4802      	ldr	r0, [pc, #8]	@ (10003614 <____aeabi_idiv0_veneer+0xc>)
1000360c:	4684      	mov	ip, r0
1000360e:	bc01      	pop	{r0}
10003610:	4760      	bx	ip
10003612:	bf00      	nop
10003614:	20000209 	.word	0x20000209

10003618 <__pre_init_runtime_init_early_resets>:
10003618:	100010b5                                ....

1000361c <__pre_init_runtime_init_usb_power_down>:
1000361c:	100010e1 10001275 100020b1 10001919     ....u.... ......
1000362c:	10001f81                                ....

10003630 <__pre_init_runtime_init_clocks>:
10003630:	100011a9                                ....

10003634 <__pre_init_runtime_init_post_clock_resets>:
10003634:	100010fd                                ....

10003638 <__pre_init_runtime_init_rp2040_gpio_ie_disable>:
10003638:	1000111d                                ....

1000363c <__pre_init_runtime_init_spin_locks_reset>:
1000363c:	10001131                                1...

10003640 <__pre_init_runtime_init_mutex>:
10003640:	100004f9                                ....

10003644 <__pre_init_runtime_init_install_ram_vector_table>:
10003644:	10001139                                9...

10003648 <__pre_init_runtime_init_default_alarm_pool>:
10003648:	10000d2d                                -...

1000364c <__pre_init_first_per_core_initializer>:
1000364c:	100010a1                                ....

10003650 <__pre_init_runtime_init_per_core_irq_priorities>:
10003650:	100003fd                                ....

Disassembly of section .data:

200000c0 <mutex_try_enter>:
200000c0:	0003      	movs	r3, r0
200000c2:	6802      	ldr	r2, [r0, #0]
200000c4:	4694      	mov	ip, r2
200000c6:	f3ef 8210 	mrs	r2, PRIMASK
200000ca:	b672      	cpsid	i
200000cc:	4660      	mov	r0, ip
200000ce:	6800      	ldr	r0, [r0, #0]
200000d0:	2800      	cmp	r0, #0
200000d2:	d0fb      	beq.n	200000cc <mutex_try_enter+0xc>
200000d4:	f3bf 8f5f 	dmb	sy
200000d8:	2004      	movs	r0, #4
200000da:	5618      	ldrsb	r0, [r3, r0]
200000dc:	2800      	cmp	r0, #0
200000de:	db0b      	blt.n	200000f8 <mutex_try_enter+0x38>
200000e0:	2900      	cmp	r1, #0
200000e2:	d010      	beq.n	20000106 <mutex_try_enter+0x46>
200000e4:	6008      	str	r0, [r1, #0]
200000e6:	2000      	movs	r0, #0
200000e8:	681b      	ldr	r3, [r3, #0]
200000ea:	f3bf 8f5f 	dmb	sy
200000ee:	2100      	movs	r1, #0
200000f0:	6019      	str	r1, [r3, #0]
200000f2:	f382 8810 	msr	PRIMASK, r2
200000f6:	4770      	bx	lr
200000f8:	21d0      	movs	r1, #208	@ 0xd0
200000fa:	0609      	lsls	r1, r1, #24
200000fc:	7809      	ldrb	r1, [r1, #0]
200000fe:	b249      	sxtb	r1, r1
20000100:	7119      	strb	r1, [r3, #4]
20000102:	2001      	movs	r0, #1
20000104:	e7f0      	b.n	200000e8 <mutex_try_enter+0x28>
20000106:	2000      	movs	r0, #0
20000108:	e7ee      	b.n	200000e8 <mutex_try_enter+0x28>
	...

2000010c <mutex_enter_block_until>:
2000010c:	b5f8      	push	{r3, r4, r5, r6, r7, lr}
2000010e:	0004      	movs	r4, r0
20000110:	0015      	movs	r5, r2
20000112:	001e      	movs	r6, r3
20000114:	6803      	ldr	r3, [r0, #0]
20000116:	2b00      	cmp	r3, #0
20000118:	d020      	beq.n	2000015c <mutex_enter_block_until+0x50>
2000011a:	23d0      	movs	r3, #208	@ 0xd0
2000011c:	061b      	lsls	r3, r3, #24
2000011e:	781b      	ldrb	r3, [r3, #0]
20000120:	b25b      	sxtb	r3, r3
20000122:	001f      	movs	r7, r3
20000124:	6823      	ldr	r3, [r4, #0]
20000126:	f3ef 8110 	mrs	r1, PRIMASK
2000012a:	b672      	cpsid	i
2000012c:	6818      	ldr	r0, [r3, #0]
2000012e:	2800      	cmp	r0, #0
20000130:	d0fc      	beq.n	2000012c <mutex_enter_block_until+0x20>
20000132:	f3bf 8f5f 	dmb	sy
20000136:	2304      	movs	r3, #4
20000138:	56e3      	ldrsb	r3, [r4, r3]
2000013a:	2b00      	cmp	r3, #0
2000013c:	db14      	blt.n	20000168 <mutex_enter_block_until+0x5c>
2000013e:	6823      	ldr	r3, [r4, #0]
20000140:	f3bf 8f5f 	dmb	sy
20000144:	2200      	movs	r2, #0
20000146:	601a      	str	r2, [r3, #0]
20000148:	f381 8810 	msr	PRIMASK, r1
2000014c:	0028      	movs	r0, r5
2000014e:	0031      	movs	r1, r6
20000150:	f000 f866 	bl	20000220 <__best_effort_wfe_or_timeout_veneer>
20000154:	2800      	cmp	r0, #0
20000156:	d0e5      	beq.n	20000124 <mutex_enter_block_until+0x18>
20000158:	2000      	movs	r0, #0
2000015a:	e00e      	b.n	2000017a <mutex_enter_block_until+0x6e>
2000015c:	4b07      	ldr	r3, [pc, #28]	@ (2000017c <mutex_enter_block_until+0x70>)
2000015e:	4a08      	ldr	r2, [pc, #32]	@ (20000180 <mutex_enter_block_until+0x74>)
20000160:	4808      	ldr	r0, [pc, #32]	@ (20000184 <mutex_enter_block_until+0x78>)
20000162:	21a6      	movs	r1, #166	@ 0xa6
20000164:	f000 f854 	bl	20000210 <____assert_func_veneer>
20000168:	7127      	strb	r7, [r4, #4]
2000016a:	6823      	ldr	r3, [r4, #0]
2000016c:	f3bf 8f5f 	dmb	sy
20000170:	2200      	movs	r2, #0
20000172:	601a      	str	r2, [r3, #0]
20000174:	f381 8810 	msr	PRIMASK, r1
20000178:	2001      	movs	r0, #1
2000017a:	bdf8      	pop	{r3, r4, r5, r6, r7, pc}
2000017c:	1000375c 	.word	0x1000375c
20000180:	10003b98 	.word	0x10003b98
20000184:	10003718 	.word	0x10003718

20000188 <mutex_try_enter_block_until>:
20000188:	b570      	push	{r4, r5, r6, lr}
2000018a:	b082      	sub	sp, #8
2000018c:	0006      	movs	r6, r0
2000018e:	0015      	movs	r5, r2
20000190:	001c      	movs	r4, r3
20000192:	a901      	add	r1, sp, #4
20000194:	f7ff ff94 	bl	200000c0 <mutex_try_enter>
20000198:	2800      	cmp	r0, #0
2000019a:	d107      	bne.n	200001ac <mutex_try_enter_block_until+0x24>
2000019c:	9b01      	ldr	r3, [sp, #4]
2000019e:	b25b      	sxtb	r3, r3
200001a0:	22d0      	movs	r2, #208	@ 0xd0
200001a2:	0612      	lsls	r2, r2, #24
200001a4:	7812      	ldrb	r2, [r2, #0]
200001a6:	b252      	sxtb	r2, r2
200001a8:	4293      	cmp	r3, r2
200001aa:	d101      	bne.n	200001b0 <mutex_try_enter_block_until+0x28>
200001ac:	b002      	add	sp, #8
200001ae:	bd70      	pop	{r4, r5, r6, pc}
200001b0:	002a      	movs	r2, r5
200001b2:	0023      	movs	r3, r4
200001b4:	0030      	movs	r0, r6
200001b6:	f7ff ffa9 	bl	2000010c <mutex_enter_block_until>
200001ba:	e7f7      	b.n	200001ac <mutex_try_enter_block_until+0x24>

200001bc <mutex_exit>:
200001bc:	b510      	push	{r4, lr}
200001be:	6801      	ldr	r1, [r0, #0]
200001c0:	f3ef 8310 	mrs	r3, PRIMASK
200001c4:	b672      	cpsid	i
200001c6:	680a      	ldr	r2, [r1, #0]
200001c8:	2a00      	cmp	r2, #0
200001ca:	d0fc      	beq.n	200001c6 <mutex_exit+0xa>
200001cc:	f3bf 8f5f 	dmb	sy
200001d0:	2204      	movs	r2, #4
200001d2:	5682      	ldrsb	r2, [r0, r2]
200001d4:	2a00      	cmp	r2, #0
200001d6:	db0a      	blt.n	200001ee <mutex_exit+0x32>
200001d8:	22ff      	movs	r2, #255	@ 0xff
200001da:	7102      	strb	r2, [r0, #4]
200001dc:	6802      	ldr	r2, [r0, #0]
200001de:	f3bf 8f5f 	dmb	sy
200001e2:	2100      	movs	r1, #0
200001e4:	6011      	str	r1, [r2, #0]
200001e6:	f383 8810 	msr	PRIMASK, r3
200001ea:	bf40      	sev
200001ec:	bd10      	pop	{r4, pc}
200001ee:	4b03      	ldr	r3, [pc, #12]	@ (200001fc <mutex_exit+0x40>)
200001f0:	4a03      	ldr	r2, [pc, #12]	@ (20000200 <mutex_exit+0x44>)
200001f2:	4804      	ldr	r0, [pc, #16]	@ (20000204 <mutex_exit+0x48>)
200001f4:	21d5      	movs	r1, #213	@ 0xd5
200001f6:	f000 f80b 	bl	20000210 <____assert_func_veneer>
200001fa:	46c0      	nop			@ (mov r8, r8)
200001fc:	10003770 	.word	0x10003770
20000200:	10003b8c 	.word	0x10003b8c
20000204:	10003718 	.word	0x10003718

20000208 <__aeabi_idiv0>:
20000208:	4770      	bx	lr
2000020a:	46c0      	nop			@ (mov r8, r8)
2000020c:	0000      	movs	r0, r0
	...

20000210 <____assert_func_veneer>:
20000210:	b401      	push	{r0}
20000212:	4802      	ldr	r0, [pc, #8]	@ (2000021c <____assert_func_veneer+0xc>)
20000214:	4684      	mov	ip, r0
20000216:	bc01      	pop	{r0}
20000218:	4760      	bx	ip
2000021a:	bf00      	nop
2000021c:	100032c1 	.word	0x100032c1

20000220 <__best_effort_wfe_or_timeout_veneer>:
20000220:	b401      	push	{r0}
20000222:	4802      	ldr	r0, [pc, #8]	@ (2000022c <__best_effort_wfe_or_timeout_veneer+0xc>)
20000224:	4684      	mov	ip, r0
20000226:	bc01      	pop	{r0}
20000228:	4760      	bx	ip
2000022a:	bf00      	nop
2000022c:	10000be5 	.word	0x10000be5

20000230 <striped_spin_lock_num>:
20000230:	00000010 00000000                       ........

20000238 <last_added.0>:
20000238:	ffffffff 7fffffff                       ........

20000240 <default_alarm_pool>:
	...
20000254:	20000288 00000000 00000000              ... ........

20000260 <aeabi_bits_funcs>:
20000260:	00003350 	.word	0x00003350
20000264:	0000334c 	.word	0x0000334c
20000268:	00003354 	.word	0x00003354
2000026c:	00003352 	.word	0x00003352

20000270 <aeabi_bits_funcs_end>:
20000270:	0000534d 	.word	0x0000534d
20000274:	0000434d 	.word	0x0000434d
20000278:	00003453 	.word	0x00003453
2000027c:	00003443 	.word	0x00003443

20000280 <print_mutex>:
	...
